oo,cic:/Coq/Strings/Ascii/ascii_dec.con,cic:/Coq/Bool/Bool/bool_dec.con
oo,cic:/Coq/Strings/Ascii/ascii_dec.con,cic:/Coq/Init/Datatypes/bool.ind
oo,cic:/Coq/Strings/Ascii/ascii_dec.con,cic:/Coq/Init/Logic/eq.ind
oo,cic:/Coq/Strings/Ascii/ascii_dec.con,cic:/Coq/Init/Logic/eq_ind_r.con
oo,cic:/Coq/Strings/Ascii/ascii_dec.con,cic:/Coq/Init/Logic/False.ind
oo,cic:/Coq/Strings/Ascii/ascii_dec.con,cic:/Coq/Init/Logic/f_equal.con
oo,cic:/Coq/Strings/Ascii/ascii_dec.con,cic:/Coq/Init/Logic/not.con
oo,cic:/Coq/Strings/Ascii/ascii_dec.con,cic:/Coq/Init/Specif/sumbool.ind
oo,cic:/Coq/Strings/Ascii/ascii_dec.con,cic:/Coq/Init/Specif/sumbool_rec.con
oo,cic:/Coq/Strings/Ascii/ascii_dec.con,cic:/Coq/Strings/Ascii/ascii_dec.con
oo,cic:/Coq/Strings/Ascii/ascii_dec.con,cic:/Coq/Strings/Ascii/ascii.ind
oo,cic:/Coq/Strings/Ascii/ascii_dec.con,cic:/Coq/Strings/Ascii/ascii_rec.con
oo,cic:/Coq/Strings/Ascii/ascii.ind,cic:/Coq/Init/Datatypes/bool.ind
oo,cic:/Coq/Strings/Ascii/ascii.ind,cic:/Coq/Strings/Ascii/ascii.ind
oo,cic:/Coq/Strings/Ascii/ascii_ind.con,cic:/Coq/Init/Datatypes/bool.ind
oo,cic:/Coq/Strings/Ascii/ascii_ind.con,cic:/Coq/Strings/Ascii/ascii.ind
oo,cic:/Coq/Strings/Ascii/ascii_ind.con,cic:/Coq/Strings/Ascii/ascii_ind.con
oo,cic:/Coq/Strings/Ascii/ascii_nat_embedding.con,cic:/Coq/Init/Datatypes/bool.ind
oo,cic:/Coq/Strings/Ascii/ascii_nat_embedding.con,cic:/Coq/Init/Logic/eq.ind
oo,cic:/Coq/Strings/Ascii/ascii_nat_embedding.con,cic:/Coq/Strings/Ascii/ascii.ind
oo,cic:/Coq/Strings/Ascii/ascii_nat_embedding.con,cic:/Coq/Strings/Ascii/ascii_nat_embedding.con
oo,cic:/Coq/Strings/Ascii/ascii_nat_embedding.con,cic:/Coq/Strings/Ascii/ascii_of_nat.con
oo,cic:/Coq/Strings/Ascii/ascii_nat_embedding.con,cic:/Coq/Strings/Ascii/nat_of_ascii.con
oo,cic:/Coq/Strings/Ascii/ascii_N_embedding.con,cic:/Coq/Init/Datatypes/bool.ind
oo,cic:/Coq/Strings/Ascii/ascii_N_embedding.con,cic:/Coq/Init/Logic/eq.ind
oo,cic:/Coq/Strings/Ascii/ascii_N_embedding.con,cic:/Coq/Strings/Ascii/ascii.ind
oo,cic:/Coq/Strings/Ascii/ascii_N_embedding.con,cic:/Coq/Strings/Ascii/ascii_N_embedding.con
oo,cic:/Coq/Strings/Ascii/ascii_N_embedding.con,cic:/Coq/Strings/Ascii/ascii_of_N.con
oo,cic:/Coq/Strings/Ascii/ascii_N_embedding.con,cic:/Coq/Strings/Ascii/N_of_ascii.con
oo,cic:/Coq/Strings/Ascii/ascii_of_nat.con,cic:/Coq/Init/Datatypes/nat.ind
oo,cic:/Coq/Strings/Ascii/ascii_of_nat.con,cic:/Coq/NArith/BinNat/N/of_nat.con
oo,cic:/Coq/Strings/Ascii/ascii_of_nat.con,cic:/Coq/Strings/Ascii/ascii.ind
oo,cic:/Coq/Strings/Ascii/ascii_of_nat.con,cic:/Coq/Strings/Ascii/ascii_of_nat.con
oo,cic:/Coq/Strings/Ascii/ascii_of_nat.con,cic:/Coq/Strings/Ascii/ascii_of_N.con
oo,cic:/Coq/Strings/Ascii/ascii_of_N.con,cic:/Coq/Numbers/BinNums/N.ind
oo,cic:/Coq/Strings/Ascii/ascii_of_N.con,cic:/Coq/Numbers/BinNums/positive.ind
oo,cic:/Coq/Strings/Ascii/ascii_of_N.con,cic:/Coq/Strings/Ascii/ascii.ind
oo,cic:/Coq/Strings/Ascii/ascii_of_N.con,cic:/Coq/Strings/Ascii/ascii_of_N.con
oo,cic:/Coq/Strings/Ascii/ascii_of_N.con,cic:/Coq/Strings/Ascii/ascii_of_pos.con
oo,cic:/Coq/Strings/Ascii/ascii_of_N.con,cic:/Coq/Strings/Ascii/zero.con
oo,cic:/Coq/Strings/Ascii/ascii_of_pos.con,cic:/Coq/Init/Datatypes/bool.ind
oo,cic:/Coq/Strings/Ascii/ascii_of_pos.con,cic:/Coq/Init/Datatypes/nat.ind
oo,cic:/Coq/Strings/Ascii/ascii_of_pos.con,cic:/Coq/Numbers/BinNums/positive.ind
oo,cic:/Coq/Strings/Ascii/ascii_of_pos.con,cic:/Coq/Strings/Ascii/ascii.ind
oo,cic:/Coq/Strings/Ascii/ascii_of_pos.con,cic:/Coq/Strings/Ascii/ascii_of_pos.con
oo,cic:/Coq/Strings/Ascii/ascii_of_pos.con,cic:/Coq/Strings/Ascii/one.con
oo,cic:/Coq/Strings/Ascii/ascii_of_pos.con,cic:/Coq/Strings/Ascii/shift.con
oo,cic:/Coq/Strings/Ascii/ascii_of_pos.con,cic:/Coq/Strings/Ascii/zero.con
oo,cic:/Coq/Strings/Ascii/ascii_rec.con,cic:/Coq/Init/Datatypes/bool.ind
oo,cic:/Coq/Strings/Ascii/ascii_rec.con,cic:/Coq/Strings/Ascii/ascii.ind
oo,cic:/Coq/Strings/Ascii/ascii_rec.con,cic:/Coq/Strings/Ascii/ascii_rec.con
oo,cic:/Coq/Strings/Ascii/ascii_rec.con,cic:/Coq/Strings/Ascii/ascii_rect.con
oo,cic:/Coq/Strings/Ascii/ascii_rect.con,cic:/Coq/Init/Datatypes/bool.ind
oo,cic:/Coq/Strings/Ascii/ascii_rect.con,cic:/Coq/Strings/Ascii/ascii.ind
oo,cic:/Coq/Strings/Ascii/ascii_rect.con,cic:/Coq/Strings/Ascii/ascii_rect.con
oo,cic:/Coq/Strings/Ascii/Beep.con,cic:/Coq/Init/Datatypes/bool.ind
oo,cic:/Coq/Strings/Ascii/Beep.con,cic:/Coq/Strings/Ascii/ascii.ind
oo,cic:/Coq/Strings/Ascii/Beep.con,cic:/Coq/Strings/Ascii/Beep.con
oo,cic:/Coq/Strings/Ascii/DoubleQuote.con,cic:/Coq/Init/Datatypes/bool.ind
oo,cic:/Coq/Strings/Ascii/DoubleQuote.con,cic:/Coq/Strings/Ascii/ascii.ind
oo,cic:/Coq/Strings/Ascii/DoubleQuote.con,cic:/Coq/Strings/Ascii/DoubleQuote.con
oo,cic:/Coq/Strings/Ascii/eqb_compat.con,cic:/Coq/Classes/Morphisms/Proper.con
oo,cic:/Coq/Strings/Ascii/eqb_compat.con,cic:/Coq/Classes/Morphisms/respectful.con
oo,cic:/Coq/Strings/Ascii/eqb_compat.con,cic:/Coq/Init/Datatypes/bool.ind
oo,cic:/Coq/Strings/Ascii/eqb_compat.con,cic:/Coq/Init/Logic/eq.ind
oo,cic:/Coq/Strings/Ascii/eqb_compat.con,cic:/Coq/Init/Logic/eq_trans.con
oo,cic:/Coq/Strings/Ascii/eqb_compat.con,cic:/Coq/Init/Logic/f_equal.con
oo,cic:/Coq/Strings/Ascii/eqb_compat.con,cic:/Coq/Strings/Ascii/ascii.ind
oo,cic:/Coq/Strings/Ascii/eqb_compat.con,cic:/Coq/Strings/Ascii/eqb_compat.con
oo,cic:/Coq/Strings/Ascii/eqb_compat.con,cic:/Coq/Strings/Ascii/eqb.con
oo,cic:/Coq/Strings/Ascii/eqb.con,cic:/Coq/Bool/Bool/eqb.con
oo,cic:/Coq/Strings/Ascii/eqb.con,cic:/Coq/Init/Datatypes/bool.ind
oo,cic:/Coq/Strings/Ascii/eqb.con,cic:/Coq/Strings/Ascii/ascii.ind
oo,cic:/Coq/Strings/Ascii/eqb.con,cic:/Coq/Strings/Ascii/eqb.con
oo,cic:/Coq/Strings/Ascii/eqb_eq.con,cic:/Coq/Bool/Bool/reflect.ind
oo,cic:/Coq/Strings/Ascii/eqb_eq.con,cic:/Coq/Init/Datatypes/bool.ind
oo,cic:/Coq/Strings/Ascii/eqb_eq.con,cic:/Coq/Init/Logic/and.ind
oo,cic:/Coq/Strings/Ascii/eqb_eq.con,cic:/Coq/Init/Logic/eq.ind
oo,cic:/Coq/Strings/Ascii/eqb_eq.con,cic:/Coq/Init/Logic/eq_ind.con
oo,cic:/Coq/Strings/Ascii/eqb_eq.con,cic:/Coq/Init/Logic/False.ind
oo,cic:/Coq/Strings/Ascii/eqb_eq.con,cic:/Coq/Init/Logic/False_ind.con
oo,cic:/Coq/Strings/Ascii/eqb_eq.con,cic:/Coq/Init/Logic/iff.con
oo,cic:/Coq/Strings/Ascii/eqb_eq.con,cic:/Coq/Init/Logic/not.con
oo,cic:/Coq/Strings/Ascii/eqb_eq.con,cic:/Coq/Init/Logic/True.ind
oo,cic:/Coq/Strings/Ascii/eqb_eq.con,cic:/Coq/Strings/Ascii/ascii.ind
oo,cic:/Coq/Strings/Ascii/eqb_eq.con,cic:/Coq/Strings/Ascii/eqb.con
oo,cic:/Coq/Strings/Ascii/eqb_eq.con,cic:/Coq/Strings/Ascii/eqb_eq.con
oo,cic:/Coq/Strings/Ascii/eqb_eq.con,cic:/Coq/Strings/Ascii/eqb_spec.con
oo,cic:/Coq/Strings/Ascii/eqb_neq.con,cic:/Coq/Bool/Bool/reflect.ind
oo,cic:/Coq/Strings/Ascii/eqb_neq.con,cic:/Coq/Init/Datatypes/bool.ind
oo,cic:/Coq/Strings/Ascii/eqb_neq.con,cic:/Coq/Init/Logic/and.ind
oo,cic:/Coq/Strings/Ascii/eqb_neq.con,cic:/Coq/Init/Logic/eq.ind
oo,cic:/Coq/Strings/Ascii/eqb_neq.con,cic:/Coq/Init/Logic/eq_ind.con
oo,cic:/Coq/Strings/Ascii/eqb_neq.con,cic:/Coq/Init/Logic/False.ind
oo,cic:/Coq/Strings/Ascii/eqb_neq.con,cic:/Coq/Init/Logic/False_ind.con
oo,cic:/Coq/Strings/Ascii/eqb_neq.con,cic:/Coq/Init/Logic/iff.con
oo,cic:/Coq/Strings/Ascii/eqb_neq.con,cic:/Coq/Init/Logic/not.con
oo,cic:/Coq/Strings/Ascii/eqb_neq.con,cic:/Coq/Init/Logic/True.ind
oo,cic:/Coq/Strings/Ascii/eqb_neq.con,cic:/Coq/Strings/Ascii/ascii.ind
oo,cic:/Coq/Strings/Ascii/eqb_neq.con,cic:/Coq/Strings/Ascii/eqb.con
oo,cic:/Coq/Strings/Ascii/eqb_neq.con,cic:/Coq/Strings/Ascii/eqb_neq.con
oo,cic:/Coq/Strings/Ascii/eqb_neq.con,cic:/Coq/Strings/Ascii/eqb_spec.con
oo,cic:/Coq/Strings/Ascii/eqb_refl.con,cic:/Coq/Bool/Bool/reflect.ind
oo,cic:/Coq/Strings/Ascii/eqb_refl.con,cic:/Coq/Init/Datatypes/bool.ind
oo,cic:/Coq/Strings/Ascii/eqb_refl.con,cic:/Coq/Init/Logic/eq.ind
oo,cic:/Coq/Strings/Ascii/eqb_refl.con,cic:/Coq/Init/Logic/False.ind
oo,cic:/Coq/Strings/Ascii/eqb_refl.con,cic:/Coq/Init/Logic/False_ind.con
oo,cic:/Coq/Strings/Ascii/eqb_refl.con,cic:/Coq/Init/Logic/not.con
oo,cic:/Coq/Strings/Ascii/eqb_refl.con,cic:/Coq/Strings/Ascii/ascii.ind
oo,cic:/Coq/Strings/Ascii/eqb_refl.con,cic:/Coq/Strings/Ascii/eqb.con
oo,cic:/Coq/Strings/Ascii/eqb_refl.con,cic:/Coq/Strings/Ascii/eqb_refl.con
oo,cic:/Coq/Strings/Ascii/eqb_refl.con,cic:/Coq/Strings/Ascii/eqb_spec.con
oo,cic:/Coq/Strings/Ascii/eqb_spec.con,cic:/Coq/Bool/Bool/eqb.con
oo,cic:/Coq/Strings/Ascii/eqb_spec.con,cic:/Coq/Bool/Bool/eqb_spec.con
oo,cic:/Coq/Strings/Ascii/eqb_spec.con,cic:/Coq/Bool/Bool/reflect.ind
oo,cic:/Coq/Strings/Ascii/eqb_spec.con,cic:/Coq/Init/Datatypes/bool.ind
oo,cic:/Coq/Strings/Ascii/eqb_spec.con,cic:/Coq/Init/Logic/eq.ind
oo,cic:/Coq/Strings/Ascii/eqb_spec.con,cic:/Coq/Init/Logic/eq_rec_r.con
oo,cic:/Coq/Strings/Ascii/eqb_spec.con,cic:/Coq/Init/Logic/False.ind
oo,cic:/Coq/Strings/Ascii/eqb_spec.con,cic:/Coq/Init/Logic/False_ind.con
oo,cic:/Coq/Strings/Ascii/eqb_spec.con,cic:/Coq/Init/Logic/f_equal.con
oo,cic:/Coq/Strings/Ascii/eqb_spec.con,cic:/Coq/Init/Logic/not.con
oo,cic:/Coq/Strings/Ascii/eqb_spec.con,cic:/Coq/Strings/Ascii/ascii.ind
oo,cic:/Coq/Strings/Ascii/eqb_spec.con,cic:/Coq/Strings/Ascii/eqb.con
oo,cic:/Coq/Strings/Ascii/eqb_spec.con,cic:/Coq/Strings/Ascii/eqb_spec.con
oo,cic:/Coq/Strings/Ascii/eqb_sym.con,cic:/Coq/Bool/Bool/reflect.ind
oo,cic:/Coq/Strings/Ascii/eqb_sym.con,cic:/Coq/Init/Datatypes/bool.ind
oo,cic:/Coq/Strings/Ascii/eqb_sym.con,cic:/Coq/Init/Logic/eq.ind
oo,cic:/Coq/Strings/Ascii/eqb_sym.con,cic:/Coq/Init/Logic/eq_ind_r.con
oo,cic:/Coq/Strings/Ascii/eqb_sym.con,cic:/Coq/Init/Logic/eq_sym.con
oo,cic:/Coq/Strings/Ascii/eqb_sym.con,cic:/Coq/Init/Logic/False.ind
oo,cic:/Coq/Strings/Ascii/eqb_sym.con,cic:/Coq/Init/Logic/False_ind.con
oo,cic:/Coq/Strings/Ascii/eqb_sym.con,cic:/Coq/Init/Logic/not.con
oo,cic:/Coq/Strings/Ascii/eqb_sym.con,cic:/Coq/Strings/Ascii/ascii.ind
oo,cic:/Coq/Strings/Ascii/eqb_sym.con,cic:/Coq/Strings/Ascii/eqb.con
oo,cic:/Coq/Strings/Ascii/eqb_sym.con,cic:/Coq/Strings/Ascii/eqb_spec.con
oo,cic:/Coq/Strings/Ascii/eqb_sym.con,cic:/Coq/Strings/Ascii/eqb_sym.con
oo,cic:/Coq/Strings/Ascii/N_ascii_embedding.con,cic:/Coq/Init/Datatypes/comparison.ind
oo,cic:/Coq/Strings/Ascii/N_ascii_embedding.con,cic:/Coq/Init/Logic/eq.ind
oo,cic:/Coq/Strings/Ascii/N_ascii_embedding.con,cic:/Coq/Init/Logic/eq_ind.con
oo,cic:/Coq/Strings/Ascii/N_ascii_embedding.con,cic:/Coq/Init/Logic/False.ind
oo,cic:/Coq/Strings/Ascii/N_ascii_embedding.con,cic:/Coq/Init/Logic/False_ind.con
oo,cic:/Coq/Strings/Ascii/N_ascii_embedding.con,cic:/Coq/Init/Logic/True.ind
oo,cic:/Coq/Strings/Ascii/N_ascii_embedding.con,cic:/Coq/NArith/BinNat/N/lt.con
oo,cic:/Coq/Strings/Ascii/N_ascii_embedding.con,cic:/Coq/Numbers/BinNums/N.ind
oo,cic:/Coq/Strings/Ascii/N_ascii_embedding.con,cic:/Coq/Numbers/BinNums/positive.ind
oo,cic:/Coq/Strings/Ascii/N_ascii_embedding.con,cic:/Coq/Strings/Ascii/ascii_of_N.con
oo,cic:/Coq/Strings/Ascii/N_ascii_embedding.con,cic:/Coq/Strings/Ascii/N_ascii_embedding.con
oo,cic:/Coq/Strings/Ascii/N_ascii_embedding.con,cic:/Coq/Strings/Ascii/N_of_ascii.con
oo,cic:/Coq/Strings/Ascii/nat_ascii_embedding.con,cic:/Coq/Arith/PeanoNat/Nat/compare.con
oo,cic:/Coq/Strings/Ascii/nat_ascii_embedding.con,cic:/Coq/Arith/PeanoNat/Nat/compare_lt_iff.con
oo,cic:/Coq/Strings/Ascii/nat_ascii_embedding.con,cic:/Coq/Init/Datatypes/comparison.ind
oo,cic:/Coq/Strings/Ascii/nat_ascii_embedding.con,cic:/Coq/Init/Datatypes/nat.ind
oo,cic:/Coq/Strings/Ascii/nat_ascii_embedding.con,cic:/Coq/Init/Logic/and.ind
oo,cic:/Coq/Strings/Ascii/nat_ascii_embedding.con,cic:/Coq/Init/Logic/eq.ind
oo,cic:/Coq/Strings/Ascii/nat_ascii_embedding.con,cic:/Coq/Init/Logic/eq_ind.con
oo,cic:/Coq/Strings/Ascii/nat_ascii_embedding.con,cic:/Coq/Init/Logic/eq_ind_r.con
oo,cic:/Coq/Strings/Ascii/nat_ascii_embedding.con,cic:/Coq/Init/Logic/iff.con
oo,cic:/Coq/Strings/Ascii/nat_ascii_embedding.con,cic:/Coq/Init/Peano/lt.con
oo,cic:/Coq/Strings/Ascii/nat_ascii_embedding.con,cic:/Coq/NArith/BinNat/N/compare.con
oo,cic:/Coq/Strings/Ascii/nat_ascii_embedding.con,cic:/Coq/NArith/BinNat/N/lt.con
oo,cic:/Coq/Strings/Ascii/nat_ascii_embedding.con,cic:/Coq/NArith/BinNat/N/of_nat.con
oo,cic:/Coq/Strings/Ascii/nat_ascii_embedding.con,cic:/Coq/NArith/BinNat/N/to_nat.con
oo,cic:/Coq/Strings/Ascii/nat_ascii_embedding.con,cic:/Coq/NArith/Nnat/Nat2N/id.con
oo,cic:/Coq/Strings/Ascii/nat_ascii_embedding.con,cic:/Coq/NArith/Nnat/Nat2N/inj_compare.con
oo,cic:/Coq/Strings/Ascii/nat_ascii_embedding.con,cic:/Coq/Numbers/BinNums/N.ind
oo,cic:/Coq/Strings/Ascii/nat_ascii_embedding.con,cic:/Coq/Numbers/BinNums/positive.ind
oo,cic:/Coq/Strings/Ascii/nat_ascii_embedding.con,cic:/Coq/Strings/Ascii/ascii_of_nat.con
oo,cic:/Coq/Strings/Ascii/nat_ascii_embedding.con,cic:/Coq/Strings/Ascii/ascii_of_N.con
oo,cic:/Coq/Strings/Ascii/nat_ascii_embedding.con,cic:/Coq/Strings/Ascii/N_ascii_embedding.con
oo,cic:/Coq/Strings/Ascii/nat_ascii_embedding.con,cic:/Coq/Strings/Ascii/nat_ascii_embedding.con
oo,cic:/Coq/Strings/Ascii/nat_ascii_embedding.con,cic:/Coq/Strings/Ascii/nat_of_ascii.con
oo,cic:/Coq/Strings/Ascii/nat_ascii_embedding.con,cic:/Coq/Strings/Ascii/N_of_ascii.con
oo,cic:/Coq/Strings/Ascii/nat_of_ascii.con,cic:/Coq/Init/Datatypes/nat.ind
oo,cic:/Coq/Strings/Ascii/nat_of_ascii.con,cic:/Coq/NArith/BinNat/N/to_nat.con
oo,cic:/Coq/Strings/Ascii/nat_of_ascii.con,cic:/Coq/Strings/Ascii/ascii.ind
oo,cic:/Coq/Strings/Ascii/nat_of_ascii.con,cic:/Coq/Strings/Ascii/nat_of_ascii.con
oo,cic:/Coq/Strings/Ascii/nat_of_ascii.con,cic:/Coq/Strings/Ascii/N_of_ascii.con
oo,cic:/Coq/Strings/Ascii/N_of_ascii.con,cic:/Coq/Init/Datatypes/bool.ind
oo,cic:/Coq/Strings/Ascii/N_of_ascii.con,cic:/Coq/Init/Datatypes/list.ind
oo,cic:/Coq/Strings/Ascii/N_of_ascii.con,cic:/Coq/Numbers/BinNums/N.ind
oo,cic:/Coq/Strings/Ascii/N_of_ascii.con,cic:/Coq/Strings/Ascii/ascii.ind
oo,cic:/Coq/Strings/Ascii/N_of_ascii.con,cic:/Coq/Strings/Ascii/N_of_ascii.con
oo,cic:/Coq/Strings/Ascii/N_of_ascii.con,cic:/Coq/Strings/Ascii/N_of_digits.con
oo,cic:/Coq/Strings/Ascii/N_of_digits.con,cic:/Coq/Init/Datatypes/bool.ind
oo,cic:/Coq/Strings/Ascii/N_of_digits.con,cic:/Coq/Init/Datatypes/list.ind
oo,cic:/Coq/Strings/Ascii/N_of_digits.con,cic:/Coq/NArith/BinNat/N/add.con
oo,cic:/Coq/Strings/Ascii/N_of_digits.con,cic:/Coq/NArith/BinNat/N/mul.con
oo,cic:/Coq/Strings/Ascii/N_of_digits.con,cic:/Coq/Numbers/BinNums/N.ind
oo,cic:/Coq/Strings/Ascii/N_of_digits.con,cic:/Coq/Numbers/BinNums/positive.ind
oo,cic:/Coq/Strings/Ascii/N_of_digits.con,cic:/Coq/Strings/Ascii/N_of_digits.con
oo,cic:/Coq/Strings/Ascii/one.con,cic:/Coq/Init/Datatypes/bool.ind
oo,cic:/Coq/Strings/Ascii/one.con,cic:/Coq/Strings/Ascii/ascii.ind
oo,cic:/Coq/Strings/Ascii/one.con,cic:/Coq/Strings/Ascii/one.con
oo,cic:/Coq/Strings/Ascii/shift.con,cic:/Coq/Init/Datatypes/bool.ind
oo,cic:/Coq/Strings/Ascii/shift.con,cic:/Coq/Strings/Ascii/ascii.ind
oo,cic:/Coq/Strings/Ascii/shift.con,cic:/Coq/Strings/Ascii/shift.con
oo,cic:/Coq/Strings/Ascii/Space.con,cic:/Coq/Init/Datatypes/bool.ind
oo,cic:/Coq/Strings/Ascii/Space.con,cic:/Coq/Strings/Ascii/ascii.ind
oo,cic:/Coq/Strings/Ascii/Space.con,cic:/Coq/Strings/Ascii/Space.con
oo,cic:/Coq/Strings/Ascii/zero.con,cic:/Coq/Init/Datatypes/bool.ind
oo,cic:/Coq/Strings/Ascii/zero.con,cic:/Coq/Strings/Ascii/ascii.ind
oo,cic:/Coq/Strings/Ascii/zero.con,cic:/Coq/Strings/Ascii/zero.con
