oo,cic:/Coq/Arith/Between/bet_eq.con,cic:/Coq/Arith/Between/bet_eq.con
oo,cic:/Coq/Arith/Between/bet_eq.con,cic:/Coq/Arith/Between/between.ind
oo,cic:/Coq/Arith/Between/bet_eq.con,cic:/Coq/Arith/Between/Between/P.var
oo,cic:/Coq/Arith/Between/bet_eq.con,cic:/Coq/Init/Datatypes/nat.ind
oo,cic:/Coq/Arith/Between/bet_eq.con,cic:/Coq/Init/Logic/eq.ind
oo,cic:/Coq/Arith/Between/bet_eq.con,cic:/Coq/Init/Logic/eq_ind_r.con
oo,cic:/Coq/Arith/Between/between.ind,cic:/Coq/Arith/Between/between.ind
oo,cic:/Coq/Arith/Between/between.ind,cic:/Coq/Arith/Between/Between/P.var
oo,cic:/Coq/Arith/Between/between.ind,cic:/Coq/Init/Datatypes/nat.ind
oo,cic:/Coq/Arith/Between/between.ind,cic:/P.var
oo,cic:/Coq/Arith/Between/between_ind.con,cic:/Coq/Arith/Between/between.ind
oo,cic:/Coq/Arith/Between/between_ind.con,cic:/Coq/Arith/Between/between_ind.con
oo,cic:/Coq/Arith/Between/between_ind.con,cic:/Coq/Arith/Between/Between/P.var
oo,cic:/Coq/Arith/Between/between_ind.con,cic:/Coq/Init/Datatypes/nat.ind
oo,cic:/Coq/Arith/Between/between_ind.con,cic:/P.var
oo,cic:/Coq/Arith/Between/between_in_int.con,cic:/Coq/Arith/Between/between.ind
oo,cic:/Coq/Arith/Between/between_in_int.con,cic:/Coq/Arith/Between/between_ind.con
oo,cic:/Coq/Arith/Between/between_in_int.con,cic:/Coq/Arith/Between/between_in_int.con
oo,cic:/Coq/Arith/Between/between_in_int.con,cic:/Coq/Arith/Between/Between/P.var
oo,cic:/Coq/Arith/Between/between_in_int.con,cic:/Coq/Arith/Between/in_int.con
oo,cic:/Coq/Arith/Between/between_in_int.con,cic:/Coq/Arith/Between/in_int_lt.con
oo,cic:/Coq/Arith/Between/between_in_int.con,cic:/Coq/Arith/Between/in_int_p_Sq.con
oo,cic:/Coq/Arith/Between/between_in_int.con,cic:/Coq/Arith/PeanoNat/Nat/lt_irrefl.con
oo,cic:/Coq/Arith/Between/between_in_int.con,cic:/Coq/Init/Datatypes/nat.ind
oo,cic:/Coq/Arith/Between/between_in_int.con,cic:/Coq/Init/Logic/eq.ind
oo,cic:/Coq/Arith/Between/between_in_int.con,cic:/Coq/Init/Logic/eq_ind_r.con
oo,cic:/Coq/Arith/Between/between_in_int.con,cic:/Coq/Init/Logic/False.ind
oo,cic:/Coq/Arith/Between/between_in_int.con,cic:/Coq/Init/Logic/False_ind.con
oo,cic:/Coq/Arith/Between/between_in_int.con,cic:/Coq/Init/Logic/or.ind
oo,cic:/Coq/Arith/Between/between_in_int.con,cic:/Coq/Init/Peano/lt.con
oo,cic:/Coq/Arith/Between/between_in_int.con,cic:/P.var
oo,cic:/Coq/Arith/Between/between_le.con,cic:/Coq/Arith/Between/between.ind
oo,cic:/Coq/Arith/Between/between_le.con,cic:/Coq/Arith/Between/between_ind.con
oo,cic:/Coq/Arith/Between/between_le.con,cic:/Coq/Arith/Between/between_le.con
oo,cic:/Coq/Arith/Between/between_le.con,cic:/Coq/Arith/Between/Between/P.var
oo,cic:/Coq/Arith/Between/between_le.con,cic:/Coq/Init/Datatypes/nat.ind
oo,cic:/Coq/Arith/Between/between_le.con,cic:/Coq/Init/Peano/le.ind
oo,cic:/Coq/Arith/Between/between_le.con,cic:/P.var
oo,cic:/Coq/Arith/Between/between_not_exists.con,cic:/Coq/Arith/Between/between.ind
oo,cic:/Coq/Arith/Between/between_not_exists.con,cic:/Coq/Arith/Between/between_ind.con
oo,cic:/Coq/Arith/Between/between_not_exists.con,cic:/Coq/Arith/Between/between_not_exists.con
oo,cic:/Coq/Arith/Between/between_not_exists.con,cic:/Coq/Arith/Between/Between/P.var
oo,cic:/Coq/Arith/Between/between_not_exists.con,cic:/Coq/Arith/Between/Between/Q.var
oo,cic:/Coq/Arith/Between/between_not_exists.con,cic:/Coq/Arith/Between/exists_between.ind
oo,cic:/Coq/Arith/Between/between_not_exists.con,cic:/Coq/Arith/Between/exists_in_int.con
oo,cic:/Coq/Arith/Between/between_not_exists.con,cic:/Coq/Arith/Between/exists_le_S.con
oo,cic:/Coq/Arith/Between/between_not_exists.con,cic:/Coq/Arith/Between/exists_S_le.con
oo,cic:/Coq/Arith/Between/between_not_exists.con,cic:/Coq/Arith/Between/in_int.con
oo,cic:/Coq/Arith/Between/between_not_exists.con,cic:/Coq/Arith/Between/in_int_exists.con
oo,cic:/Coq/Arith/Between/between_not_exists.con,cic:/Coq/Arith/Between/in_int_intro.con
oo,cic:/Coq/Arith/Between/between_not_exists.con,cic:/Coq/Arith/Between/in_int_S.con
oo,cic:/Coq/Arith/Between/between_not_exists.con,cic:/Coq/Arith/Lt/le_lt_or_eq.con
oo,cic:/Coq/Arith/Between/between_not_exists.con,cic:/Coq/Arith/Lt/lt_n_Sm_le.con
oo,cic:/Coq/Arith/Between/between_not_exists.con,cic:/Coq/Arith/PeanoNat/Nat/lt_irrefl.con
oo,cic:/Coq/Arith/Between/between_not_exists.con,cic:/Coq/Init/Datatypes/nat.ind
oo,cic:/Coq/Arith/Between/between_not_exists.con,cic:/Coq/Init/Logic/and.ind
oo,cic:/Coq/Arith/Between/between_not_exists.con,cic:/Coq/Init/Logic/eq.ind
oo,cic:/Coq/Arith/Between/between_not_exists.con,cic:/Coq/Init/Logic/eq_ind.con
oo,cic:/Coq/Arith/Between/between_not_exists.con,cic:/Coq/Init/Logic/ex2.ind
oo,cic:/Coq/Arith/Between/between_not_exists.con,cic:/Coq/Init/Logic/False.ind
oo,cic:/Coq/Arith/Between/between_not_exists.con,cic:/Coq/Init/Logic/False_ind.con
oo,cic:/Coq/Arith/Between/between_not_exists.con,cic:/Coq/Init/Logic/not.con
oo,cic:/Coq/Arith/Between/between_not_exists.con,cic:/Coq/Init/Logic/or.ind
oo,cic:/Coq/Arith/Between/between_not_exists.con,cic:/Coq/Init/Peano/le.ind
oo,cic:/Coq/Arith/Between/between_not_exists.con,cic:/Coq/Init/Peano/lt.con
oo,cic:/Coq/Arith/Between/between_not_exists.con,cic:/P.var
oo,cic:/Coq/Arith/Between/between_not_exists.con,cic:/Q.var
oo,cic:/Coq/Arith/Between/between_or_exists.con,cic:/Coq/Arith/Between/between.ind
oo,cic:/Coq/Arith/Between/between_or_exists.con,cic:/Coq/Arith/Between/between_or_exists.con
oo,cic:/Coq/Arith/Between/between_or_exists.con,cic:/Coq/Arith/Between/Between/P.var
oo,cic:/Coq/Arith/Between/between_or_exists.con,cic:/Coq/Arith/Between/Between/Q.var
oo,cic:/Coq/Arith/Between/between_or_exists.con,cic:/Coq/Arith/Between/exists_between.ind
oo,cic:/Coq/Arith/Between/between_or_exists.con,cic:/Coq/Arith/Between/in_int.con
oo,cic:/Coq/Arith/Between/between_or_exists.con,cic:/Coq/Arith/Between/in_int_intro.con
oo,cic:/Coq/Arith/Between/between_or_exists.con,cic:/Coq/Arith/Between/in_int_S.con
oo,cic:/Coq/Arith/Between/between_or_exists.con,cic:/Coq/Init/Datatypes/nat.ind
oo,cic:/Coq/Arith/Between/between_or_exists.con,cic:/Coq/Init/Logic/or.ind
oo,cic:/Coq/Arith/Between/between_or_exists.con,cic:/Coq/Init/Peano/le.ind
oo,cic:/Coq/Arith/Between/between_or_exists.con,cic:/Coq/Init/Peano/le_ind.con
oo,cic:/Coq/Arith/Between/between_or_exists.con,cic:/Coq/Init/Peano/lt.con
oo,cic:/Coq/Arith/Between/between_or_exists.con,cic:/P.var
oo,cic:/Coq/Arith/Between/between_or_exists.con,cic:/Q.var
oo,cic:/Coq/Arith/Between/Between/P.var,cic:/Coq/Arith/Between/Between/P.var
oo,cic:/Coq/Arith/Between/Between/P.var,cic:/Coq/Init/Datatypes/nat.ind
oo,cic:/Coq/Arith/Between/Between/Q.var,cic:/Coq/Arith/Between/Between/Q.var
oo,cic:/Coq/Arith/Between/Between/Q.var,cic:/Coq/Init/Datatypes/nat.ind
oo,cic:/Coq/Arith/Between/between_restr.con,cic:/Coq/Arith/Between/between.ind
oo,cic:/Coq/Arith/Between/between_restr.con,cic:/Coq/Arith/Between/Between/P.var
oo,cic:/Coq/Arith/Between/between_restr.con,cic:/Coq/Arith/Between/between_restr.con
oo,cic:/Coq/Arith/Between/between_restr.con,cic:/Coq/Arith/Between/between_Sk_l.con
oo,cic:/Coq/Arith/Between/between_restr.con,cic:/Coq/Arith/PeanoNat/Nat/lt_le_incl.con
oo,cic:/Coq/Arith/Between/between_restr.con,cic:/Coq/Init/Datatypes/nat.ind
oo,cic:/Coq/Arith/Between/between_restr.con,cic:/Coq/Init/Peano/le.ind
oo,cic:/Coq/Arith/Between/between_restr.con,cic:/Coq/Init/Peano/le_ind.con
oo,cic:/Coq/Arith/Between/between_Sk_l.con,cic:/Coq/Arith/Between/bet_eq.con
oo,cic:/Coq/Arith/Between/between_Sk_l.con,cic:/Coq/Arith/Between/between.ind
oo,cic:/Coq/Arith/Between/between_Sk_l.con,cic:/Coq/Arith/Between/between_ind.con
oo,cic:/Coq/Arith/Between/between_Sk_l.con,cic:/Coq/Arith/Between/between_le.con
oo,cic:/Coq/Arith/Between/between_Sk_l.con,cic:/Coq/Arith/Between/Between/P.var
oo,cic:/Coq/Arith/Between/between_Sk_l.con,cic:/Coq/Arith/Between/between_Sk_l.con
oo,cic:/Coq/Arith/Between/between_Sk_l.con,cic:/Coq/Arith/Le/le_n_S.con
oo,cic:/Coq/Arith/Between/between_Sk_l.con,cic:/Coq/Arith/PeanoNat/Nat/le_antisymm.con
oo,cic:/Coq/Arith/Between/between_Sk_l.con,cic:/Coq/Arith/PeanoNat/Nat/le_succ_diag_r.con
oo,cic:/Coq/Arith/Between/between_Sk_l.con,cic:/Coq/Init/Datatypes/nat.ind
oo,cic:/Coq/Arith/Between/between_Sk_l.con,cic:/Coq/Init/Logic/eq.ind
oo,cic:/Coq/Arith/Between/between_Sk_l.con,cic:/Coq/Init/Peano/le.ind
oo,cic:/Coq/Arith/Between/between_Sk_l.con,cic:/P.var
oo,cic:/Coq/Arith/Between/event_O.con,cic:/Coq/Arith/Between/Between/Q.var
oo,cic:/Coq/Arith/Between/event_O.con,cic:/Coq/Arith/Between/event_O.con
oo,cic:/Coq/Arith/Between/event_O.con,cic:/Coq/Arith/Between/eventually.con
oo,cic:/Coq/Arith/Between/event_O.con,cic:/Coq/Arith/PeanoNat/Nat/le_0_l.con
oo,cic:/Coq/Arith/Between/event_O.con,cic:/Coq/Arith/PeanoNat/Nat/le_antisymm.con
oo,cic:/Coq/Arith/Between/event_O.con,cic:/Coq/Init/Datatypes/nat.ind
oo,cic:/Coq/Arith/Between/event_O.con,cic:/Coq/Init/Logic/eq.ind
oo,cic:/Coq/Arith/Between/event_O.con,cic:/Coq/Init/Logic/eq_ind.con
oo,cic:/Coq/Arith/Between/event_O.con,cic:/Coq/Init/Logic/ex2.ind
oo,cic:/Coq/Arith/Between/event_O.con,cic:/Coq/Init/Peano/le.ind
oo,cic:/Coq/Arith/Between/event_O.con,cic:/Q.var
oo,cic:/Coq/Arith/Between/eventually.con,cic:/Coq/Arith/Between/Between/Q.var
oo,cic:/Coq/Arith/Between/eventually.con,cic:/Coq/Arith/Between/eventually.con
oo,cic:/Coq/Arith/Between/eventually.con,cic:/Coq/Init/Datatypes/nat.ind
oo,cic:/Coq/Arith/Between/eventually.con,cic:/Coq/Init/Logic/ex2.ind
oo,cic:/Coq/Arith/Between/eventually.con,cic:/Coq/Init/Peano/le.ind
oo,cic:/Coq/Arith/Between/eventually.con,cic:/Q.var
oo,cic:/Coq/Arith/Between/exists_between.ind,cic:/Coq/Arith/Between/Between/Q.var
oo,cic:/Coq/Arith/Between/exists_between.ind,cic:/Coq/Arith/Between/exists_between.ind
oo,cic:/Coq/Arith/Between/exists_between.ind,cic:/Coq/Init/Datatypes/nat.ind
oo,cic:/Coq/Arith/Between/exists_between.ind,cic:/Coq/Init/Peano/le.ind
oo,cic:/Coq/Arith/Between/exists_between.ind,cic:/Q.var
oo,cic:/Coq/Arith/Between/exists_between_ind.con,cic:/Coq/Arith/Between/Between/Q.var
oo,cic:/Coq/Arith/Between/exists_between_ind.con,cic:/Coq/Arith/Between/exists_between.ind
oo,cic:/Coq/Arith/Between/exists_between_ind.con,cic:/Coq/Arith/Between/exists_between_ind.con
oo,cic:/Coq/Arith/Between/exists_between_ind.con,cic:/Coq/Init/Datatypes/nat.ind
oo,cic:/Coq/Arith/Between/exists_between_ind.con,cic:/Coq/Init/Peano/le.ind
oo,cic:/Coq/Arith/Between/exists_between_ind.con,cic:/Q.var
oo,cic:/Coq/Arith/Between/exists_in_int.con,cic:/Coq/Arith/Between/Between/Q.var
oo,cic:/Coq/Arith/Between/exists_in_int.con,cic:/Coq/Arith/Between/exists_between.ind
oo,cic:/Coq/Arith/Between/exists_in_int.con,cic:/Coq/Arith/Between/exists_between_ind.con
oo,cic:/Coq/Arith/Between/exists_in_int.con,cic:/Coq/Arith/Between/exists_in_int.con
oo,cic:/Coq/Arith/Between/exists_in_int.con,cic:/Coq/Arith/Between/in_int.con
oo,cic:/Coq/Arith/Between/exists_in_int.con,cic:/Coq/Arith/Between/in_int_intro.con
oo,cic:/Coq/Arith/Between/exists_in_int.con,cic:/Coq/Arith/Between/in_int_S.con
oo,cic:/Coq/Arith/Between/exists_in_int.con,cic:/Coq/Init/Datatypes/nat.ind
oo,cic:/Coq/Arith/Between/exists_in_int.con,cic:/Coq/Init/Logic/ex2.ind
oo,cic:/Coq/Arith/Between/exists_in_int.con,cic:/Coq/Init/Peano/le.ind
oo,cic:/Coq/Arith/Between/exists_in_int.con,cic:/Coq/Init/Peano/lt.con
oo,cic:/Coq/Arith/Between/exists_in_int.con,cic:/Q.var
oo,cic:/Coq/Arith/Between/exists_le_S.con,cic:/Coq/Arith/Between/Between/Q.var
oo,cic:/Coq/Arith/Between/exists_le_S.con,cic:/Coq/Arith/Between/exists_between.ind
oo,cic:/Coq/Arith/Between/exists_le_S.con,cic:/Coq/Arith/Between/exists_between_ind.con
oo,cic:/Coq/Arith/Between/exists_le_S.con,cic:/Coq/Arith/Between/exists_le_S.con
oo,cic:/Coq/Arith/Between/exists_le_S.con,cic:/Coq/Arith/Le/le_n_S.con
oo,cic:/Coq/Arith/Between/exists_le_S.con,cic:/Coq/Init/Datatypes/nat.ind
oo,cic:/Coq/Arith/Between/exists_le_S.con,cic:/Coq/Init/Peano/le.ind
oo,cic:/Coq/Arith/Between/exists_le_S.con,cic:/Q.var
oo,cic:/Coq/Arith/Between/exists_lt.con,cic:/Coq/Arith/Between/Between/Q.var
oo,cic:/Coq/Arith/Between/exists_lt.con,cic:/Coq/Arith/Between/exists_between.ind
oo,cic:/Coq/Arith/Between/exists_lt.con,cic:/Coq/Arith/Between/exists_le_S.con
oo,cic:/Coq/Arith/Between/exists_lt.con,cic:/Coq/Arith/Between/exists_lt.con
oo,cic:/Coq/Arith/Between/exists_lt.con,cic:/Coq/Init/Datatypes/nat.ind
oo,cic:/Coq/Arith/Between/exists_lt.con,cic:/Coq/Init/Peano/lt.con
oo,cic:/Coq/Arith/Between/exists_S_le.con,cic:/Coq/Arith/Between/Between/Q.var
oo,cic:/Coq/Arith/Between/exists_S_le.con,cic:/Coq/Arith/Between/exists_between.ind
oo,cic:/Coq/Arith/Between/exists_S_le.con,cic:/Coq/Arith/Between/exists_le_S.con
oo,cic:/Coq/Arith/Between/exists_S_le.con,cic:/Coq/Arith/Between/exists_S_le.con
oo,cic:/Coq/Arith/Between/exists_S_le.con,cic:/Coq/Arith/Le/le_S_n.con
oo,cic:/Coq/Arith/Between/exists_S_le.con,cic:/Coq/Init/Datatypes/nat.ind
oo,cic:/Coq/Arith/Between/exists_S_le.con,cic:/Coq/Init/Peano/le.ind
oo,cic:/Coq/Arith/Between/in_int_between.con,cic:/Coq/Arith/Between/between.ind
oo,cic:/Coq/Arith/Between/in_int_between.con,cic:/Coq/Arith/Between/Between/P.var
oo,cic:/Coq/Arith/Between/in_int_between.con,cic:/Coq/Arith/Between/in_int_between.con
oo,cic:/Coq/Arith/Between/in_int_between.con,cic:/Coq/Arith/Between/in_int.con
oo,cic:/Coq/Arith/Between/in_int_between.con,cic:/Coq/Arith/Between/in_int_intro.con
oo,cic:/Coq/Arith/Between/in_int_between.con,cic:/Coq/Arith/Between/in_int_S.con
oo,cic:/Coq/Arith/Between/in_int_between.con,cic:/Coq/Init/Datatypes/nat.ind
oo,cic:/Coq/Arith/Between/in_int_between.con,cic:/Coq/Init/Peano/le.ind
oo,cic:/Coq/Arith/Between/in_int_between.con,cic:/Coq/Init/Peano/le_ind.con
oo,cic:/Coq/Arith/Between/in_int_between.con,cic:/Coq/Init/Peano/lt.con
oo,cic:/Coq/Arith/Between/in_int_between.con,cic:/P.var
oo,cic:/Coq/Arith/Between/in_int.con,cic:/Coq/Arith/Between/in_int.con
oo,cic:/Coq/Arith/Between/in_int.con,cic:/Coq/Init/Datatypes/nat.ind
oo,cic:/Coq/Arith/Between/in_int.con,cic:/Coq/Init/Logic/and.ind
oo,cic:/Coq/Arith/Between/in_int.con,cic:/Coq/Init/Peano/le.ind
oo,cic:/Coq/Arith/Between/in_int.con,cic:/Coq/Init/Peano/lt.con
oo,cic:/Coq/Arith/Between/in_int_exists.con,cic:/Coq/Arith/Between/Between/Q.var
oo,cic:/Coq/Arith/Between/in_int_exists.con,cic:/Coq/Arith/Between/exists_between.ind
oo,cic:/Coq/Arith/Between/in_int_exists.con,cic:/Coq/Arith/Between/in_int.con
oo,cic:/Coq/Arith/Between/in_int_exists.con,cic:/Coq/Arith/Between/in_int_exists.con
oo,cic:/Coq/Arith/Between/in_int_exists.con,cic:/Coq/Init/Datatypes/nat.ind
oo,cic:/Coq/Arith/Between/in_int_exists.con,cic:/Coq/Init/Logic/and.ind
oo,cic:/Coq/Arith/Between/in_int_exists.con,cic:/Coq/Init/Peano/le.ind
oo,cic:/Coq/Arith/Between/in_int_exists.con,cic:/Coq/Init/Peano/le_ind.con
oo,cic:/Coq/Arith/Between/in_int_exists.con,cic:/Coq/Init/Peano/lt.con
oo,cic:/Coq/Arith/Between/in_int_exists.con,cic:/Q.var
oo,cic:/Coq/Arith/Between/in_int_intro.con,cic:/Coq/Arith/Between/in_int.con
oo,cic:/Coq/Arith/Between/in_int_intro.con,cic:/Coq/Arith/Between/in_int_intro.con
oo,cic:/Coq/Arith/Between/in_int_intro.con,cic:/Coq/Init/Datatypes/nat.ind
oo,cic:/Coq/Arith/Between/in_int_intro.con,cic:/Coq/Init/Logic/and.ind
oo,cic:/Coq/Arith/Between/in_int_intro.con,cic:/Coq/Init/Peano/le.ind
oo,cic:/Coq/Arith/Between/in_int_intro.con,cic:/Coq/Init/Peano/lt.con
oo,cic:/Coq/Arith/Between/in_int_lt.con,cic:/Coq/Arith/Between/in_int.con
oo,cic:/Coq/Arith/Between/in_int_lt.con,cic:/Coq/Arith/Between/in_int_lt.con
oo,cic:/Coq/Arith/Between/in_int_lt.con,cic:/Coq/Arith/PeanoNat/Nat/le_lt_trans.con
oo,cic:/Coq/Arith/Between/in_int_lt.con,cic:/Coq/Init/Datatypes/nat.ind
oo,cic:/Coq/Arith/Between/in_int_lt.con,cic:/Coq/Init/Logic/and.ind
oo,cic:/Coq/Arith/Between/in_int_lt.con,cic:/Coq/Init/Peano/le.ind
oo,cic:/Coq/Arith/Between/in_int_lt.con,cic:/Coq/Init/Peano/lt.con
oo,cic:/Coq/Arith/Between/in_int_p_Sq.con,cic:/Coq/Arith/Between/in_int.con
oo,cic:/Coq/Arith/Between/in_int_p_Sq.con,cic:/Coq/Arith/Between/in_int_intro.con
oo,cic:/Coq/Arith/Between/in_int_p_Sq.con,cic:/Coq/Arith/Between/in_int_p_Sq.con
oo,cic:/Coq/Arith/Between/in_int_p_Sq.con,cic:/Coq/Arith/Lt/le_lt_or_eq.con
oo,cic:/Coq/Arith/Between/in_int_p_Sq.con,cic:/Coq/Arith/Lt/lt_n_Sm_le.con
oo,cic:/Coq/Arith/Between/in_int_p_Sq.con,cic:/Coq/Init/Datatypes/nat.ind
oo,cic:/Coq/Arith/Between/in_int_p_Sq.con,cic:/Coq/Init/Logic/and.ind
oo,cic:/Coq/Arith/Between/in_int_p_Sq.con,cic:/Coq/Init/Logic/eq.ind
oo,cic:/Coq/Arith/Between/in_int_p_Sq.con,cic:/Coq/Init/Logic/or.ind
oo,cic:/Coq/Arith/Between/in_int_p_Sq.con,cic:/Coq/Init/Peano/le.ind
oo,cic:/Coq/Arith/Between/in_int_p_Sq.con,cic:/Coq/Init/Peano/lt.con
oo,cic:/Coq/Arith/Between/in_int_S.con,cic:/Coq/Arith/Between/in_int.con
oo,cic:/Coq/Arith/Between/in_int_S.con,cic:/Coq/Arith/Between/in_int_intro.con
oo,cic:/Coq/Arith/Between/in_int_S.con,cic:/Coq/Arith/Between/in_int_S.con
oo,cic:/Coq/Arith/Between/in_int_S.con,cic:/Coq/Init/Datatypes/nat.ind
oo,cic:/Coq/Arith/Between/in_int_S.con,cic:/Coq/Init/Logic/and.ind
oo,cic:/Coq/Arith/Between/in_int_S.con,cic:/Coq/Init/Peano/le.ind
oo,cic:/Coq/Arith/Between/in_int_S.con,cic:/Coq/Init/Peano/lt.con
oo,cic:/Coq/Arith/Between/in_int_Sp_q.con,cic:/Coq/Arith/Between/in_int.con
oo,cic:/Coq/Arith/Between/in_int_Sp_q.con,cic:/Coq/Arith/Between/in_int_intro.con
oo,cic:/Coq/Arith/Between/in_int_Sp_q.con,cic:/Coq/Arith/Between/in_int_Sp_q.con
oo,cic:/Coq/Arith/Between/in_int_Sp_q.con,cic:/Coq/Arith/PeanoNat/Nat/lt_le_incl.con
oo,cic:/Coq/Arith/Between/in_int_Sp_q.con,cic:/Coq/Init/Datatypes/nat.ind
oo,cic:/Coq/Arith/Between/in_int_Sp_q.con,cic:/Coq/Init/Logic/and.ind
oo,cic:/Coq/Arith/Between/in_int_Sp_q.con,cic:/Coq/Init/Peano/le.ind
oo,cic:/Coq/Arith/Between/in_int_Sp_q.con,cic:/Coq/Init/Peano/lt.con
oo,cic:/Coq/Arith/Between/nth_le.con,cic:/Coq/Arith/Between/between.ind
oo,cic:/Coq/Arith/Between/nth_le.con,cic:/Coq/Arith/Between/between_le.con
oo,cic:/Coq/Arith/Between/nth_le.con,cic:/Coq/Arith/Between/Between/P.var
oo,cic:/Coq/Arith/Between/nth_le.con,cic:/Coq/Arith/Between/Between/Q.var
oo,cic:/Coq/Arith/Between/nth_le.con,cic:/Coq/Arith/Between/nth_le.con
oo,cic:/Coq/Arith/Between/nth_le.con,cic:/Coq/Arith/Between/P_nth.ind
oo,cic:/Coq/Arith/Between/nth_le.con,cic:/Coq/Arith/Between/P_nth_ind.con
oo,cic:/Coq/Arith/Between/nth_le.con,cic:/Coq/Arith/PeanoNat/Nat/le_succ_diag_r.con
oo,cic:/Coq/Arith/Between/nth_le.con,cic:/Coq/Arith/PeanoNat/Nat/le_trans.con
oo,cic:/Coq/Arith/Between/nth_le.con,cic:/Coq/Init/Datatypes/nat.ind
oo,cic:/Coq/Arith/Between/nth_le.con,cic:/Coq/Init/Peano/le.ind
oo,cic:/Coq/Arith/Between/nth_le.con,cic:/Q.var
oo,cic:/Coq/Arith/Between/P_nth.ind,cic:/Coq/Arith/Between/between.ind
oo,cic:/Coq/Arith/Between/P_nth.ind,cic:/Coq/Arith/Between/Between/P.var
oo,cic:/Coq/Arith/Between/P_nth.ind,cic:/Coq/Arith/Between/Between/Q.var
oo,cic:/Coq/Arith/Between/P_nth.ind,cic:/Coq/Arith/Between/P_nth.ind
oo,cic:/Coq/Arith/Between/P_nth.ind,cic:/Coq/Init/Datatypes/nat.ind
oo,cic:/Coq/Arith/Between/P_nth.ind,cic:/Q.var
oo,cic:/Coq/Arith/Between/P_nth_ind.con,cic:/Coq/Arith/Between/between.ind
oo,cic:/Coq/Arith/Between/P_nth_ind.con,cic:/Coq/Arith/Between/Between/P.var
oo,cic:/Coq/Arith/Between/P_nth_ind.con,cic:/Coq/Arith/Between/Between/Q.var
oo,cic:/Coq/Arith/Between/P_nth_ind.con,cic:/Coq/Arith/Between/P_nth.ind
oo,cic:/Coq/Arith/Between/P_nth_ind.con,cic:/Coq/Arith/Between/P_nth_ind.con
oo,cic:/Coq/Arith/Between/P_nth_ind.con,cic:/Coq/Init/Datatypes/nat.ind
oo,cic:/Coq/Arith/Between/P_nth_ind.con,cic:/Q.var
