oo,cic:/Coq/Classes/CEquivalence/equiv.con,cic:/Coq/Classes/CEquivalence/equiv.con
oo,cic:/Coq/Classes/CEquivalence/equiv.con,cic:/Coq/Classes/CRelationClasses/crelation.con
oo,cic:/Coq/Classes/CEquivalence/equiv.con,cic:/Coq/Classes/CRelationClasses/Equivalence.ind
oo,cic:/Coq/Classes/CEquivalence/equiv_reflexive.con,cic:/Coq/Classes/CEquivalence/equiv.con
oo,cic:/Coq/Classes/CEquivalence/equiv_reflexive.con,cic:/Coq/Classes/CEquivalence/equiv_reflexive.con
oo,cic:/Coq/Classes/CEquivalence/equiv_reflexive.con,cic:/Coq/Classes/CEquivalence/equiv_reflexive_obligation_1.con
oo,cic:/Coq/Classes/CEquivalence/equiv_reflexive.con,cic:/Coq/Classes/CRelationClasses/crelation.con
oo,cic:/Coq/Classes/CEquivalence/equiv_reflexive.con,cic:/Coq/Classes/CRelationClasses/Equivalence.ind
oo,cic:/Coq/Classes/CEquivalence/equiv_reflexive.con,cic:/Coq/Classes/CRelationClasses/Reflexive.con
oo,cic:/Coq/Classes/CEquivalence/equiv_reflexive_obligation_1.con,cic:/Coq/Classes/CEquivalence/equiv.con
oo,cic:/Coq/Classes/CEquivalence/equiv_reflexive_obligation_1.con,cic:/Coq/Classes/CEquivalence/equiv_reflexive_obligation_1.con
oo,cic:/Coq/Classes/CEquivalence/equiv_reflexive_obligation_1.con,cic:/Coq/Classes/CRelationClasses/crelation.con
oo,cic:/Coq/Classes/CEquivalence/equiv_reflexive_obligation_1.con,cic:/Coq/Classes/CRelationClasses/Equivalence.ind
oo,cic:/Coq/Classes/CEquivalence/equiv_reflexive_obligation_1.con,cic:/Coq/Classes/CRelationClasses/Reflexive.con
oo,cic:/Coq/Classes/CEquivalence/equiv_reflexive_obligation_1.con,cic:/Coq/Classes/CRelationClasses/Symmetric.con
oo,cic:/Coq/Classes/CEquivalence/equiv_reflexive_obligation_1.con,cic:/Coq/Classes/CRelationClasses/Transitive.con
oo,cic:/Coq/Classes/CEquivalence/equiv_symmetric.con,cic:/Coq/Classes/CEquivalence/equiv.con
oo,cic:/Coq/Classes/CEquivalence/equiv_symmetric.con,cic:/Coq/Classes/CEquivalence/equiv_symmetric.con
oo,cic:/Coq/Classes/CEquivalence/equiv_symmetric.con,cic:/Coq/Classes/CEquivalence/equiv_symmetric_obligation_1.con
oo,cic:/Coq/Classes/CEquivalence/equiv_symmetric.con,cic:/Coq/Classes/CRelationClasses/crelation.con
oo,cic:/Coq/Classes/CEquivalence/equiv_symmetric.con,cic:/Coq/Classes/CRelationClasses/Equivalence.ind
oo,cic:/Coq/Classes/CEquivalence/equiv_symmetric.con,cic:/Coq/Classes/CRelationClasses/Symmetric.con
oo,cic:/Coq/Classes/CEquivalence/equiv_symmetric_obligation_1.con,cic:/Coq/Classes/CEquivalence/equiv.con
oo,cic:/Coq/Classes/CEquivalence/equiv_symmetric_obligation_1.con,cic:/Coq/Classes/CEquivalence/equiv_symmetric_obligation_1.con
oo,cic:/Coq/Classes/CEquivalence/equiv_symmetric_obligation_1.con,cic:/Coq/Classes/CRelationClasses/crelation.con
oo,cic:/Coq/Classes/CEquivalence/equiv_symmetric_obligation_1.con,cic:/Coq/Classes/CRelationClasses/Equivalence.ind
oo,cic:/Coq/Classes/CEquivalence/equiv_symmetric_obligation_1.con,cic:/Coq/Classes/CRelationClasses/Equivalence_Symmetric.con
oo,cic:/Coq/Classes/CEquivalence/equiv_symmetric_obligation_1.con,cic:/Coq/Classes/CRelationClasses/symmetry.con
oo,cic:/Coq/Classes/CEquivalence/equiv_transitive.con,cic:/Coq/Classes/CEquivalence/equiv.con
oo,cic:/Coq/Classes/CEquivalence/equiv_transitive.con,cic:/Coq/Classes/CEquivalence/equiv_transitive.con
oo,cic:/Coq/Classes/CEquivalence/equiv_transitive.con,cic:/Coq/Classes/CEquivalence/equiv_transitive_obligation_1.con
oo,cic:/Coq/Classes/CEquivalence/equiv_transitive.con,cic:/Coq/Classes/CRelationClasses/crelation.con
oo,cic:/Coq/Classes/CEquivalence/equiv_transitive.con,cic:/Coq/Classes/CRelationClasses/Equivalence.ind
oo,cic:/Coq/Classes/CEquivalence/equiv_transitive.con,cic:/Coq/Classes/CRelationClasses/Transitive.con
oo,cic:/Coq/Classes/CEquivalence/equiv_transitive_obligation_1.con,cic:/Coq/Classes/CEquivalence/equiv.con
oo,cic:/Coq/Classes/CEquivalence/equiv_transitive_obligation_1.con,cic:/Coq/Classes/CEquivalence/equiv_transitive_obligation_1.con
oo,cic:/Coq/Classes/CEquivalence/equiv_transitive_obligation_1.con,cic:/Coq/Classes/CRelationClasses/crelation.con
oo,cic:/Coq/Classes/CEquivalence/equiv_transitive_obligation_1.con,cic:/Coq/Classes/CRelationClasses/Equivalence.ind
oo,cic:/Coq/Classes/CEquivalence/equiv_transitive_obligation_1.con,cic:/Coq/Classes/CRelationClasses/Equivalence_Transitive.con
oo,cic:/Coq/Classes/CEquivalence/equiv_transitive_obligation_1.con,cic:/Coq/Classes/CRelationClasses/transitivity.con
oo,cic:/Coq/Classes/CEquivalence/pequiv.con,cic:/Coq/Classes/CEquivalence/pequiv.con
oo,cic:/Coq/Classes/CEquivalence/pequiv.con,cic:/Coq/Classes/CRelationClasses/crelation.con
oo,cic:/Coq/Classes/CEquivalence/pequiv.con,cic:/Coq/Classes/CRelationClasses/PER.ind
oo,cic:/Coq/Classes/CEquivalence/pointwise_equivalence.con,cic:/Coq/Classes/CEquivalence/pointwise_equivalence.con
oo,cic:/Coq/Classes/CEquivalence/pointwise_equivalence.con,cic:/Coq/Classes/CEquivalence/pointwise_reflexive.con
oo,cic:/Coq/Classes/CEquivalence/pointwise_equivalence.con,cic:/Coq/Classes/CEquivalence/pointwise_symmetric.con
oo,cic:/Coq/Classes/CEquivalence/pointwise_equivalence.con,cic:/Coq/Classes/CEquivalence/pointwise_transitive.con
oo,cic:/Coq/Classes/CEquivalence/pointwise_equivalence.con,cic:/Coq/Classes/CMorphisms/pointwise_relation.con
oo,cic:/Coq/Classes/CEquivalence/pointwise_equivalence.con,cic:/Coq/Classes/CRelationClasses/crelation.con
oo,cic:/Coq/Classes/CEquivalence/pointwise_equivalence.con,cic:/Coq/Classes/CRelationClasses/Equivalence.ind
oo,cic:/Coq/Classes/CEquivalence/pointwise_equivalence.con,cic:/Coq/Classes/CRelationClasses/Equivalence_Reflexive.con
oo,cic:/Coq/Classes/CEquivalence/pointwise_equivalence.con,cic:/Coq/Classes/CRelationClasses/Equivalence_Symmetric.con
oo,cic:/Coq/Classes/CEquivalence/pointwise_equivalence.con,cic:/Coq/Classes/CRelationClasses/Equivalence_Transitive.con
oo,cic:/Coq/Classes/CEquivalence/pointwise_reflexive.con,cic:/Coq/Classes/CEquivalence/pointwise_reflexive.con
oo,cic:/Coq/Classes/CEquivalence/pointwise_reflexive.con,cic:/Coq/Classes/CMorphisms/pointwise_relation.con
oo,cic:/Coq/Classes/CEquivalence/pointwise_reflexive.con,cic:/Coq/Classes/CRelationClasses/crelation.con
oo,cic:/Coq/Classes/CEquivalence/pointwise_reflexive.con,cic:/Coq/Classes/CRelationClasses/Reflexive.con
oo,cic:/Coq/Classes/CEquivalence/pointwise_symmetric.con,cic:/Coq/Classes/CEquivalence/pointwise_symmetric.con
oo,cic:/Coq/Classes/CEquivalence/pointwise_symmetric.con,cic:/Coq/Classes/CMorphisms/pointwise_relation.con
oo,cic:/Coq/Classes/CEquivalence/pointwise_symmetric.con,cic:/Coq/Classes/CRelationClasses/crelation.con
oo,cic:/Coq/Classes/CEquivalence/pointwise_symmetric.con,cic:/Coq/Classes/CRelationClasses/Symmetric.con
oo,cic:/Coq/Classes/CEquivalence/pointwise_transitive.con,cic:/Coq/Classes/CEquivalence/pointwise_transitive.con
oo,cic:/Coq/Classes/CEquivalence/pointwise_transitive.con,cic:/Coq/Classes/CMorphisms/pointwise_relation.con
oo,cic:/Coq/Classes/CEquivalence/pointwise_transitive.con,cic:/Coq/Classes/CRelationClasses/crelation.con
oo,cic:/Coq/Classes/CEquivalence/pointwise_transitive.con,cic:/Coq/Classes/CRelationClasses/Transitive.con
oo,cic:/Coq/Classes/CEquivalence/respecting.con,cic:/Coq/Classes/CEquivalence/respecting.con
oo,cic:/Coq/Classes/CEquivalence/respecting.con,cic:/Coq/Classes/CMorphisms/respectful.con
oo,cic:/Coq/Classes/CEquivalence/respecting.con,cic:/Coq/Classes/CRelationClasses/crelation.con
oo,cic:/Coq/Classes/CEquivalence/respecting.con,cic:/Coq/Classes/CRelationClasses/Equivalence.ind
oo,cic:/Coq/Classes/CEquivalence/respecting.con,cic:/Coq/Init/Specif/sigT.ind
oo,cic:/Coq/Classes/CEquivalence/respecting_equiv.con,cic:/Coq/Classes/CEquivalence/respecting.con
oo,cic:/Coq/Classes/CEquivalence/respecting_equiv.con,cic:/Coq/Classes/CEquivalence/respecting_equiv.con
oo,cic:/Coq/Classes/CEquivalence/respecting_equiv.con,cic:/Coq/Classes/CEquivalence/respecting_equiv_obligation_1.con
oo,cic:/Coq/Classes/CEquivalence/respecting_equiv.con,cic:/Coq/Classes/CEquivalence/respecting_equiv_obligation_2.con
oo,cic:/Coq/Classes/CEquivalence/respecting_equiv.con,cic:/Coq/Classes/CEquivalence/respecting_equiv_obligation_3.con
oo,cic:/Coq/Classes/CEquivalence/respecting_equiv.con,cic:/Coq/Classes/CMorphisms/respectful.con
oo,cic:/Coq/Classes/CEquivalence/respecting_equiv.con,cic:/Coq/Classes/CRelationClasses/crelation.con
oo,cic:/Coq/Classes/CEquivalence/respecting_equiv.con,cic:/Coq/Classes/CRelationClasses/Equivalence.ind
oo,cic:/Coq/Classes/CEquivalence/respecting_equiv.con,cic:/Coq/Init/Specif/projT1.con
oo,cic:/Coq/Classes/CEquivalence/respecting_equiv_obligation_1.con,cic:/Coq/Classes/CEquivalence/respecting.con
oo,cic:/Coq/Classes/CEquivalence/respecting_equiv_obligation_1.con,cic:/Coq/Classes/CEquivalence/respecting_equiv_obligation_1.con
oo,cic:/Coq/Classes/CEquivalence/respecting_equiv_obligation_1.con,cic:/Coq/Classes/CMorphisms/respectful.con
oo,cic:/Coq/Classes/CEquivalence/respecting_equiv_obligation_1.con,cic:/Coq/Classes/CRelationClasses/crelation.con
oo,cic:/Coq/Classes/CEquivalence/respecting_equiv_obligation_1.con,cic:/Coq/Classes/CRelationClasses/Equivalence.ind
oo,cic:/Coq/Classes/CEquivalence/respecting_equiv_obligation_1.con,cic:/Coq/Classes/CRelationClasses/Reflexive.con
oo,cic:/Coq/Classes/CEquivalence/respecting_equiv_obligation_1.con,cic:/Coq/Classes/CRelationClasses/Symmetric.con
oo,cic:/Coq/Classes/CEquivalence/respecting_equiv_obligation_1.con,cic:/Coq/Classes/CRelationClasses/Transitive.con
oo,cic:/Coq/Classes/CEquivalence/respecting_equiv_obligation_1.con,cic:/Coq/Init/Specif/projT1.con
oo,cic:/Coq/Classes/CEquivalence/respecting_equiv_obligation_1.con,cic:/Coq/Init/Specif/sigT.ind
oo,cic:/Coq/Classes/CEquivalence/respecting_equiv_obligation_2.con,cic:/Coq/Classes/CEquivalence/respecting.con
oo,cic:/Coq/Classes/CEquivalence/respecting_equiv_obligation_2.con,cic:/Coq/Classes/CEquivalence/respecting_equiv_obligation_2.con
oo,cic:/Coq/Classes/CEquivalence/respecting_equiv_obligation_2.con,cic:/Coq/Classes/CMorphisms/respectful.con
oo,cic:/Coq/Classes/CEquivalence/respecting_equiv_obligation_2.con,cic:/Coq/Classes/CRelationClasses/crelation.con
oo,cic:/Coq/Classes/CEquivalence/respecting_equiv_obligation_2.con,cic:/Coq/Classes/CRelationClasses/Equivalence.ind
oo,cic:/Coq/Classes/CEquivalence/respecting_equiv_obligation_2.con,cic:/Coq/Classes/CRelationClasses/Reflexive.con
oo,cic:/Coq/Classes/CEquivalence/respecting_equiv_obligation_2.con,cic:/Coq/Classes/CRelationClasses/Symmetric.con
oo,cic:/Coq/Classes/CEquivalence/respecting_equiv_obligation_2.con,cic:/Coq/Classes/CRelationClasses/Transitive.con
oo,cic:/Coq/Classes/CEquivalence/respecting_equiv_obligation_2.con,cic:/Coq/Init/Specif/projT1.con
oo,cic:/Coq/Classes/CEquivalence/respecting_equiv_obligation_2.con,cic:/Coq/Init/Specif/sigT.ind
oo,cic:/Coq/Classes/CEquivalence/respecting_equiv_obligation_3.con,cic:/Coq/Classes/CEquivalence/respecting.con
oo,cic:/Coq/Classes/CEquivalence/respecting_equiv_obligation_3.con,cic:/Coq/Classes/CEquivalence/respecting_equiv_obligation_3.con
oo,cic:/Coq/Classes/CEquivalence/respecting_equiv_obligation_3.con,cic:/Coq/Classes/CMorphisms/respectful.con
oo,cic:/Coq/Classes/CEquivalence/respecting_equiv_obligation_3.con,cic:/Coq/Classes/CRelationClasses/crelation.con
oo,cic:/Coq/Classes/CEquivalence/respecting_equiv_obligation_3.con,cic:/Coq/Classes/CRelationClasses/Equivalence.ind
oo,cic:/Coq/Classes/CEquivalence/respecting_equiv_obligation_3.con,cic:/Coq/Classes/CRelationClasses/Equivalence_Transitive.con
oo,cic:/Coq/Classes/CEquivalence/respecting_equiv_obligation_3.con,cic:/Coq/Classes/CRelationClasses/Reflexive.con
oo,cic:/Coq/Classes/CEquivalence/respecting_equiv_obligation_3.con,cic:/Coq/Classes/CRelationClasses/Symmetric.con
oo,cic:/Coq/Classes/CEquivalence/respecting_equiv_obligation_3.con,cic:/Coq/Classes/CRelationClasses/Transitive.con
oo,cic:/Coq/Classes/CEquivalence/respecting_equiv_obligation_3.con,cic:/Coq/Classes/CRelationClasses/transitivity.con
oo,cic:/Coq/Classes/CEquivalence/respecting_equiv_obligation_3.con,cic:/Coq/Init/Specif/projT1.con
oo,cic:/Coq/Classes/CEquivalence/respecting_equiv_obligation_3.con,cic:/Coq/Init/Specif/sigT.ind
