oo,cic:/Coq/ZArith/Znat/N2Z/id.con,cic:/Coq/Init/Logic/eq.ind
oo,cic:/Coq/ZArith/Znat/N2Z/id.con,cic:/Coq/Numbers/BinNums/N.ind
oo,cic:/Coq/ZArith/Znat/N2Z/id.con,cic:/Coq/Numbers/BinNums/positive.ind
oo,cic:/Coq/ZArith/Znat/N2Z/id.con,cic:/Coq/ZArith/BinInt/Z/of_N.con
oo,cic:/Coq/ZArith/Znat/N2Z/id.con,cic:/Coq/ZArith/BinInt/Z/to_N.con
oo,cic:/Coq/ZArith/Znat/N2Z/id.con,cic:/Coq/ZArith/Znat/N2Z/id.con
oo,cic:/Coq/ZArith/Znat/N2Z/inj_0.con,cic:/Coq/Init/Logic/eq.ind
oo,cic:/Coq/ZArith/Znat/N2Z/inj_0.con,cic:/Coq/Numbers/BinNums/N.ind
oo,cic:/Coq/ZArith/Znat/N2Z/inj_0.con,cic:/Coq/Numbers/BinNums/Z.ind
oo,cic:/Coq/ZArith/Znat/N2Z/inj_0.con,cic:/Coq/ZArith/BinInt/Z/of_N.con
oo,cic:/Coq/ZArith/Znat/N2Z/inj_0.con,cic:/Coq/ZArith/Znat/N2Z/inj_0.con
oo,cic:/Coq/ZArith/Znat/N2Z/inj_abs_N.con,cic:/Coq/Init/Logic/eq.ind
oo,cic:/Coq/ZArith/Znat/N2Z/inj_abs_N.con,cic:/Coq/Numbers/BinNums/positive.ind
oo,cic:/Coq/ZArith/Znat/N2Z/inj_abs_N.con,cic:/Coq/Numbers/BinNums/Z.ind
oo,cic:/Coq/ZArith/Znat/N2Z/inj_abs_N.con,cic:/Coq/ZArith/BinInt/Z/abs.con
oo,cic:/Coq/ZArith/Znat/N2Z/inj_abs_N.con,cic:/Coq/ZArith/BinInt/Z/abs_N.con
oo,cic:/Coq/ZArith/Znat/N2Z/inj_abs_N.con,cic:/Coq/ZArith/BinInt/Z/of_N.con
oo,cic:/Coq/ZArith/Znat/N2Z/inj_abs_N.con,cic:/Coq/ZArith/Znat/N2Z/inj_abs_N.con
oo,cic:/Coq/ZArith/Znat/N2Z/inj_add.con,cic:/Coq/Init/Logic/eq.ind
oo,cic:/Coq/ZArith/Znat/N2Z/inj_add.con,cic:/Coq/NArith/BinNat/N/add.con
oo,cic:/Coq/ZArith/Znat/N2Z/inj_add.con,cic:/Coq/Numbers/BinNums/N.ind
oo,cic:/Coq/ZArith/Znat/N2Z/inj_add.con,cic:/Coq/Numbers/BinNums/positive.ind
oo,cic:/Coq/ZArith/Znat/N2Z/inj_add.con,cic:/Coq/Numbers/BinNums/Z.ind
oo,cic:/Coq/ZArith/Znat/N2Z/inj_add.con,cic:/Coq/ZArith/BinInt/Z/add.con
oo,cic:/Coq/ZArith/Znat/N2Z/inj_add.con,cic:/Coq/ZArith/BinInt/Z/of_N.con
oo,cic:/Coq/ZArith/Znat/N2Z/inj_add.con,cic:/Coq/ZArith/Znat/N2Z/inj_add.con
oo,cic:/Coq/ZArith/Znat/N2Z/inj_compare.con,cic:/Coq/Init/Datatypes/comparison.ind
oo,cic:/Coq/ZArith/Znat/N2Z/inj_compare.con,cic:/Coq/Init/Logic/eq.ind
oo,cic:/Coq/ZArith/Znat/N2Z/inj_compare.con,cic:/Coq/NArith/BinNat/N/compare.con
oo,cic:/Coq/ZArith/Znat/N2Z/inj_compare.con,cic:/Coq/Numbers/BinNums/N.ind
oo,cic:/Coq/ZArith/Znat/N2Z/inj_compare.con,cic:/Coq/Numbers/BinNums/positive.ind
oo,cic:/Coq/ZArith/Znat/N2Z/inj_compare.con,cic:/Coq/ZArith/BinInt/Z/compare.con
oo,cic:/Coq/ZArith/Znat/N2Z/inj_compare.con,cic:/Coq/ZArith/BinInt/Z/of_N.con
oo,cic:/Coq/ZArith/Znat/N2Z/inj_compare.con,cic:/Coq/ZArith/Znat/N2Z/inj_compare.con
oo,cic:/Coq/ZArith/Znat/N2Z/inj.con,cic:/Coq/Init/Logic/eq.ind
oo,cic:/Coq/ZArith/Znat/N2Z/inj.con,cic:/Coq/Init/Logic/eq_ind.con
oo,cic:/Coq/ZArith/Znat/N2Z/inj.con,cic:/Coq/Init/Logic/eq_sym.con
oo,cic:/Coq/ZArith/Znat/N2Z/inj.con,cic:/Coq/Init/Logic/eq_trans.con
oo,cic:/Coq/ZArith/Znat/N2Z/inj.con,cic:/Coq/Init/Logic/False.ind
oo,cic:/Coq/ZArith/Znat/N2Z/inj.con,cic:/Coq/Init/Logic/False_ind.con
oo,cic:/Coq/ZArith/Znat/N2Z/inj.con,cic:/Coq/Init/Logic/f_equal.con
oo,cic:/Coq/ZArith/Znat/N2Z/inj.con,cic:/Coq/Init/Logic/True.ind
oo,cic:/Coq/ZArith/Znat/N2Z/inj.con,cic:/Coq/Numbers/BinNums/N.ind
oo,cic:/Coq/ZArith/Znat/N2Z/inj.con,cic:/Coq/Numbers/BinNums/positive.ind
oo,cic:/Coq/ZArith/Znat/N2Z/inj.con,cic:/Coq/Numbers/BinNums/Z.ind
oo,cic:/Coq/ZArith/Znat/N2Z/inj.con,cic:/Coq/ZArith/BinInt/Z/of_N.con
oo,cic:/Coq/ZArith/Znat/N2Z/inj.con,cic:/Coq/ZArith/Znat/N2Z/inj.con
oo,cic:/Coq/ZArith/Znat/N2Z/inj_div2.con,cic:/Coq/Init/Logic/eq.ind
oo,cic:/Coq/ZArith/Znat/N2Z/inj_div2.con,cic:/Coq/NArith/BinNat/N/div2.con
oo,cic:/Coq/ZArith/Znat/N2Z/inj_div2.con,cic:/Coq/Numbers/BinNums/N.ind
oo,cic:/Coq/ZArith/Znat/N2Z/inj_div2.con,cic:/Coq/Numbers/BinNums/positive.ind
oo,cic:/Coq/ZArith/Znat/N2Z/inj_div2.con,cic:/Coq/Numbers/BinNums/Z.ind
oo,cic:/Coq/ZArith/Znat/N2Z/inj_div2.con,cic:/Coq/ZArith/BinInt/Z/div2.con
oo,cic:/Coq/ZArith/Znat/N2Z/inj_div2.con,cic:/Coq/ZArith/BinInt/Z/of_N.con
oo,cic:/Coq/ZArith/Znat/N2Z/inj_div2.con,cic:/Coq/ZArith/Znat/N2Z/inj_div2.con
oo,cic:/Coq/ZArith/Znat/N2Z/inj_div.con,cic:/Coq/Init/Logic/and.ind
oo,cic:/Coq/ZArith/Znat/N2Z/inj_div.con,cic:/Coq/Init/Logic/eq.ind
oo,cic:/Coq/ZArith/Znat/N2Z/inj_div.con,cic:/Coq/Init/Logic/eq_ind.con
oo,cic:/Coq/ZArith/Znat/N2Z/inj_div.con,cic:/Coq/Init/Logic/eq_trans.con
oo,cic:/Coq/ZArith/Znat/N2Z/inj_div.con,cic:/Coq/Init/Logic/False.ind
oo,cic:/Coq/ZArith/Znat/N2Z/inj_div.con,cic:/Coq/Init/Logic/False_ind.con
oo,cic:/Coq/ZArith/Znat/N2Z/inj_div.con,cic:/Coq/Init/Logic/f_equal.con
oo,cic:/Coq/ZArith/Znat/N2Z/inj_div.con,cic:/Coq/Init/Logic/iff.con
oo,cic:/Coq/ZArith/Znat/N2Z/inj_div.con,cic:/Coq/Init/Logic/not.con
oo,cic:/Coq/ZArith/Znat/N2Z/inj_div.con,cic:/Coq/Init/Logic/True.ind
oo,cic:/Coq/ZArith/Znat/N2Z/inj_div.con,cic:/Coq/NArith/BinNatDef/N/add.con
oo,cic:/Coq/ZArith/Znat/N2Z/inj_div.con,cic:/Coq/NArith/BinNatDef/N/div.con
oo,cic:/Coq/ZArith/Znat/N2Z/inj_div.con,cic:/Coq/NArith/BinNatDef/N/modulo.con
oo,cic:/Coq/ZArith/Znat/N2Z/inj_div.con,cic:/Coq/NArith/BinNatDef/N/mul.con
oo,cic:/Coq/ZArith/Znat/N2Z/inj_div.con,cic:/Coq/NArith/BinNat/N/add.con
oo,cic:/Coq/ZArith/Znat/N2Z/inj_div.con,cic:/Coq/NArith/BinNat/N/div.con
oo,cic:/Coq/ZArith/Znat/N2Z/inj_div.con,cic:/Coq/NArith/BinNat/N/div_mod.con
oo,cic:/Coq/ZArith/Znat/N2Z/inj_div.con,cic:/Coq/NArith/BinNat/N/lt.con
oo,cic:/Coq/ZArith/Znat/N2Z/inj_div.con,cic:/Coq/NArith/BinNat/N/mod_lt.con
oo,cic:/Coq/ZArith/Znat/N2Z/inj_div.con,cic:/Coq/NArith/BinNat/N/modulo.con
oo,cic:/Coq/ZArith/Znat/N2Z/inj_div.con,cic:/Coq/NArith/BinNat/N/mul.con
oo,cic:/Coq/ZArith/Znat/N2Z/inj_div.con,cic:/Coq/Numbers/BinNums/N.ind
oo,cic:/Coq/ZArith/Znat/N2Z/inj_div.con,cic:/Coq/Numbers/BinNums/positive.ind
oo,cic:/Coq/ZArith/Znat/N2Z/inj_div.con,cic:/Coq/Numbers/BinNums/Z.ind
oo,cic:/Coq/ZArith/Znat/N2Z/inj_div.con,cic:/Coq/ZArith/BinIntDef/Z/of_N.con
oo,cic:/Coq/ZArith/Znat/N2Z/inj_div.con,cic:/Coq/ZArith/BinInt/Z/add.con
oo,cic:/Coq/ZArith/Znat/N2Z/inj_div.con,cic:/Coq/ZArith/BinInt/Z/div.con
oo,cic:/Coq/ZArith/Znat/N2Z/inj_div.con,cic:/Coq/ZArith/BinInt/Z/div_unique_pos.con
oo,cic:/Coq/ZArith/Znat/N2Z/inj_div.con,cic:/Coq/ZArith/BinInt/Z/le.con
oo,cic:/Coq/ZArith/Znat/N2Z/inj_div.con,cic:/Coq/ZArith/BinInt/Z/lt.con
oo,cic:/Coq/ZArith/Znat/N2Z/inj_div.con,cic:/Coq/ZArith/BinInt/Z/mul.con
oo,cic:/Coq/ZArith/Znat/N2Z/inj_div.con,cic:/Coq/ZArith/BinInt/Z/of_N.con
oo,cic:/Coq/ZArith/Znat/N2Z/inj_div.con,cic:/Coq/ZArith/Znat/N2Z/inj_add.con
oo,cic:/Coq/ZArith/Znat/N2Z/inj_div.con,cic:/Coq/ZArith/Znat/N2Z/inj_div.con
oo,cic:/Coq/ZArith/Znat/N2Z/inj_div.con,cic:/Coq/ZArith/Znat/N2Z/inj_lt.con
oo,cic:/Coq/ZArith/Znat/N2Z/inj_div.con,cic:/Coq/ZArith/Znat/N2Z/inj_mul.con
oo,cic:/Coq/ZArith/Znat/N2Z/inj_div.con,cic:/Coq/ZArith/Znat/N2Z/is_nonneg.con
oo,cic:/Coq/ZArith/Znat/N2Z/inj_ge.con,cic:/Coq/Classes/RelationClasses/iff_Reflexive.con
oo,cic:/Coq/ZArith/Znat/N2Z/inj_ge.con,cic:/Coq/Classes/RelationClasses/reflexivity.con
oo,cic:/Coq/ZArith/Znat/N2Z/inj_ge.con,cic:/Coq/Init/Datatypes/comparison.ind
oo,cic:/Coq/ZArith/Znat/N2Z/inj_ge.con,cic:/Coq/Init/Logic/eq.ind
oo,cic:/Coq/ZArith/Znat/N2Z/inj_ge.con,cic:/Coq/Init/Logic/eq_ind_r.con
oo,cic:/Coq/ZArith/Znat/N2Z/inj_ge.con,cic:/Coq/Init/Logic/iff.con
oo,cic:/Coq/ZArith/Znat/N2Z/inj_ge.con,cic:/Coq/Init/Logic/not.con
oo,cic:/Coq/ZArith/Znat/N2Z/inj_ge.con,cic:/Coq/NArith/BinNat/N/compare.con
oo,cic:/Coq/ZArith/Znat/N2Z/inj_ge.con,cic:/Coq/NArith/BinNat/N/ge.con
oo,cic:/Coq/ZArith/Znat/N2Z/inj_ge.con,cic:/Coq/Numbers/BinNums/N.ind
oo,cic:/Coq/ZArith/Znat/N2Z/inj_ge.con,cic:/Coq/ZArith/BinInt/Z/compare.con
oo,cic:/Coq/ZArith/Znat/N2Z/inj_ge.con,cic:/Coq/ZArith/BinInt/Z/ge.con
oo,cic:/Coq/ZArith/Znat/N2Z/inj_ge.con,cic:/Coq/ZArith/BinInt/Z/of_N.con
oo,cic:/Coq/ZArith/Znat/N2Z/inj_ge.con,cic:/Coq/ZArith/Znat/N2Z/inj_compare.con
oo,cic:/Coq/ZArith/Znat/N2Z/inj_ge.con,cic:/Coq/ZArith/Znat/N2Z/inj_ge.con
oo,cic:/Coq/ZArith/Znat/N2Z/inj_gt.con,cic:/Coq/Classes/RelationClasses/iff_Reflexive.con
oo,cic:/Coq/ZArith/Znat/N2Z/inj_gt.con,cic:/Coq/Classes/RelationClasses/reflexivity.con
oo,cic:/Coq/ZArith/Znat/N2Z/inj_gt.con,cic:/Coq/Init/Datatypes/comparison.ind
oo,cic:/Coq/ZArith/Znat/N2Z/inj_gt.con,cic:/Coq/Init/Logic/eq.ind
oo,cic:/Coq/ZArith/Znat/N2Z/inj_gt.con,cic:/Coq/Init/Logic/eq_ind_r.con
oo,cic:/Coq/ZArith/Znat/N2Z/inj_gt.con,cic:/Coq/Init/Logic/iff.con
oo,cic:/Coq/ZArith/Znat/N2Z/inj_gt.con,cic:/Coq/NArith/BinNat/N/compare.con
oo,cic:/Coq/ZArith/Znat/N2Z/inj_gt.con,cic:/Coq/NArith/BinNat/N/gt.con
oo,cic:/Coq/ZArith/Znat/N2Z/inj_gt.con,cic:/Coq/Numbers/BinNums/N.ind
oo,cic:/Coq/ZArith/Znat/N2Z/inj_gt.con,cic:/Coq/ZArith/BinInt/Z/compare.con
oo,cic:/Coq/ZArith/Znat/N2Z/inj_gt.con,cic:/Coq/ZArith/BinInt/Z/gt.con
oo,cic:/Coq/ZArith/Znat/N2Z/inj_gt.con,cic:/Coq/ZArith/BinInt/Z/of_N.con
oo,cic:/Coq/ZArith/Znat/N2Z/inj_gt.con,cic:/Coq/ZArith/Znat/N2Z/inj_compare.con
oo,cic:/Coq/ZArith/Znat/N2Z/inj_gt.con,cic:/Coq/ZArith/Znat/N2Z/inj_gt.con
oo,cic:/Coq/ZArith/Znat/N2Z/inj_iff.con,cic:/Coq/Init/Logic/and.ind
oo,cic:/Coq/ZArith/Znat/N2Z/inj_iff.con,cic:/Coq/Init/Logic/eq.ind
oo,cic:/Coq/ZArith/Znat/N2Z/inj_iff.con,cic:/Coq/Init/Logic/eq_trans.con
oo,cic:/Coq/ZArith/Znat/N2Z/inj_iff.con,cic:/Coq/Init/Logic/f_equal.con
oo,cic:/Coq/ZArith/Znat/N2Z/inj_iff.con,cic:/Coq/Init/Logic/iff.con
oo,cic:/Coq/ZArith/Znat/N2Z/inj_iff.con,cic:/Coq/Numbers/BinNums/N.ind
oo,cic:/Coq/ZArith/Znat/N2Z/inj_iff.con,cic:/Coq/Numbers/BinNums/Z.ind
oo,cic:/Coq/ZArith/Znat/N2Z/inj_iff.con,cic:/Coq/ZArith/BinIntDef/Z/of_N.con
oo,cic:/Coq/ZArith/Znat/N2Z/inj_iff.con,cic:/Coq/ZArith/BinInt/Z/of_N.con
oo,cic:/Coq/ZArith/Znat/N2Z/inj_iff.con,cic:/Coq/ZArith/Znat/N2Z/inj.con
oo,cic:/Coq/ZArith/Znat/N2Z/inj_iff.con,cic:/Coq/ZArith/Znat/N2Z/inj_iff.con
oo,cic:/Coq/ZArith/Znat/N2Z/inj_le.con,cic:/Coq/Classes/RelationClasses/iff_Reflexive.con
oo,cic:/Coq/ZArith/Znat/N2Z/inj_le.con,cic:/Coq/Classes/RelationClasses/reflexivity.con
oo,cic:/Coq/ZArith/Znat/N2Z/inj_le.con,cic:/Coq/Init/Datatypes/comparison.ind
oo,cic:/Coq/ZArith/Znat/N2Z/inj_le.con,cic:/Coq/Init/Logic/eq.ind
oo,cic:/Coq/ZArith/Znat/N2Z/inj_le.con,cic:/Coq/Init/Logic/eq_ind_r.con
oo,cic:/Coq/ZArith/Znat/N2Z/inj_le.con,cic:/Coq/Init/Logic/iff.con
oo,cic:/Coq/ZArith/Znat/N2Z/inj_le.con,cic:/Coq/Init/Logic/not.con
oo,cic:/Coq/ZArith/Znat/N2Z/inj_le.con,cic:/Coq/NArith/BinNat/N/compare.con
oo,cic:/Coq/ZArith/Znat/N2Z/inj_le.con,cic:/Coq/NArith/BinNat/N/le.con
oo,cic:/Coq/ZArith/Znat/N2Z/inj_le.con,cic:/Coq/Numbers/BinNums/N.ind
oo,cic:/Coq/ZArith/Znat/N2Z/inj_le.con,cic:/Coq/ZArith/BinInt/Z/compare.con
oo,cic:/Coq/ZArith/Znat/N2Z/inj_le.con,cic:/Coq/ZArith/BinInt/Z/le.con
oo,cic:/Coq/ZArith/Znat/N2Z/inj_le.con,cic:/Coq/ZArith/BinInt/Z/of_N.con
oo,cic:/Coq/ZArith/Znat/N2Z/inj_le.con,cic:/Coq/ZArith/Znat/N2Z/inj_compare.con
oo,cic:/Coq/ZArith/Znat/N2Z/inj_le.con,cic:/Coq/ZArith/Znat/N2Z/inj_le.con
oo,cic:/Coq/ZArith/Znat/N2Z/inj_lt.con,cic:/Coq/Classes/RelationClasses/iff_Reflexive.con
oo,cic:/Coq/ZArith/Znat/N2Z/inj_lt.con,cic:/Coq/Classes/RelationClasses/reflexivity.con
oo,cic:/Coq/ZArith/Znat/N2Z/inj_lt.con,cic:/Coq/Init/Datatypes/comparison.ind
oo,cic:/Coq/ZArith/Znat/N2Z/inj_lt.con,cic:/Coq/Init/Logic/eq.ind
oo,cic:/Coq/ZArith/Znat/N2Z/inj_lt.con,cic:/Coq/Init/Logic/eq_ind_r.con
oo,cic:/Coq/ZArith/Znat/N2Z/inj_lt.con,cic:/Coq/Init/Logic/iff.con
oo,cic:/Coq/ZArith/Znat/N2Z/inj_lt.con,cic:/Coq/NArith/BinNat/N/compare.con
oo,cic:/Coq/ZArith/Znat/N2Z/inj_lt.con,cic:/Coq/NArith/BinNat/N/lt.con
oo,cic:/Coq/ZArith/Znat/N2Z/inj_lt.con,cic:/Coq/Numbers/BinNums/N.ind
oo,cic:/Coq/ZArith/Znat/N2Z/inj_lt.con,cic:/Coq/ZArith/BinInt/Z/compare.con
oo,cic:/Coq/ZArith/Znat/N2Z/inj_lt.con,cic:/Coq/ZArith/BinInt/Z/lt.con
oo,cic:/Coq/ZArith/Znat/N2Z/inj_lt.con,cic:/Coq/ZArith/BinInt/Z/of_N.con
oo,cic:/Coq/ZArith/Znat/N2Z/inj_lt.con,cic:/Coq/ZArith/Znat/N2Z/inj_compare.con
oo,cic:/Coq/ZArith/Znat/N2Z/inj_lt.con,cic:/Coq/ZArith/Znat/N2Z/inj_lt.con
oo,cic:/Coq/ZArith/Znat/N2Z/inj_max.con,cic:/Coq/Init/Datatypes/CompareSpec.ind
oo,cic:/Coq/ZArith/Znat/N2Z/inj_max.con,cic:/Coq/Init/Datatypes/comparison.ind
oo,cic:/Coq/ZArith/Znat/N2Z/inj_max.con,cic:/Coq/Init/Logic/eq.ind
oo,cic:/Coq/ZArith/Znat/N2Z/inj_max.con,cic:/Coq/Init/Logic/eq_ind_r.con
oo,cic:/Coq/ZArith/Znat/N2Z/inj_max.con,cic:/Coq/NArith/BinNat/N/compare.con
oo,cic:/Coq/ZArith/Znat/N2Z/inj_max.con,cic:/Coq/NArith/BinNat/N/compare_spec.con
oo,cic:/Coq/ZArith/Znat/N2Z/inj_max.con,cic:/Coq/NArith/BinNat/N/lt.con
oo,cic:/Coq/ZArith/Znat/N2Z/inj_max.con,cic:/Coq/NArith/BinNat/N/max.con
oo,cic:/Coq/ZArith/Znat/N2Z/inj_max.con,cic:/Coq/Numbers/BinNums/N.ind
oo,cic:/Coq/ZArith/Znat/N2Z/inj_max.con,cic:/Coq/Numbers/BinNums/Z.ind
oo,cic:/Coq/ZArith/Znat/N2Z/inj_max.con,cic:/Coq/ZArith/BinInt/Z/compare.con
oo,cic:/Coq/ZArith/Znat/N2Z/inj_max.con,cic:/Coq/ZArith/BinInt/Z/max.con
oo,cic:/Coq/ZArith/Znat/N2Z/inj_max.con,cic:/Coq/ZArith/BinInt/Z/of_N.con
oo,cic:/Coq/ZArith/Znat/N2Z/inj_max.con,cic:/Coq/ZArith/Znat/N2Z/inj_compare.con
oo,cic:/Coq/ZArith/Znat/N2Z/inj_max.con,cic:/Coq/ZArith/Znat/N2Z/inj_max.con
oo,cic:/Coq/ZArith/Znat/N2Z/inj_min.con,cic:/Coq/Init/Datatypes/comparison.ind
oo,cic:/Coq/ZArith/Znat/N2Z/inj_min.con,cic:/Coq/Init/Logic/eq.ind
oo,cic:/Coq/ZArith/Znat/N2Z/inj_min.con,cic:/Coq/Init/Logic/eq_ind_r.con
oo,cic:/Coq/ZArith/Znat/N2Z/inj_min.con,cic:/Coq/NArith/BinNat/N/compare.con
oo,cic:/Coq/ZArith/Znat/N2Z/inj_min.con,cic:/Coq/NArith/BinNat/N/min.con
oo,cic:/Coq/ZArith/Znat/N2Z/inj_min.con,cic:/Coq/Numbers/BinNums/N.ind
oo,cic:/Coq/ZArith/Znat/N2Z/inj_min.con,cic:/Coq/Numbers/BinNums/Z.ind
oo,cic:/Coq/ZArith/Znat/N2Z/inj_min.con,cic:/Coq/ZArith/BinInt/Z/compare.con
oo,cic:/Coq/ZArith/Znat/N2Z/inj_min.con,cic:/Coq/ZArith/BinInt/Z/min.con
oo,cic:/Coq/ZArith/Znat/N2Z/inj_min.con,cic:/Coq/ZArith/BinInt/Z/of_N.con
oo,cic:/Coq/ZArith/Znat/N2Z/inj_min.con,cic:/Coq/ZArith/Znat/N2Z/inj_compare.con
oo,cic:/Coq/ZArith/Znat/N2Z/inj_min.con,cic:/Coq/ZArith/Znat/N2Z/inj_min.con
oo,cic:/Coq/ZArith/Znat/N2Z/inj_mod.con,cic:/Coq/Init/Logic/and.ind
oo,cic:/Coq/ZArith/Znat/N2Z/inj_mod.con,cic:/Coq/Init/Logic/eq.ind
oo,cic:/Coq/ZArith/Znat/N2Z/inj_mod.con,cic:/Coq/Init/Logic/eq_ind.con
oo,cic:/Coq/ZArith/Znat/N2Z/inj_mod.con,cic:/Coq/Init/Logic/eq_trans.con
oo,cic:/Coq/ZArith/Znat/N2Z/inj_mod.con,cic:/Coq/Init/Logic/f_equal.con
oo,cic:/Coq/ZArith/Znat/N2Z/inj_mod.con,cic:/Coq/Init/Logic/iff.con
oo,cic:/Coq/ZArith/Znat/N2Z/inj_mod.con,cic:/Coq/Init/Logic/not.con
oo,cic:/Coq/ZArith/Znat/N2Z/inj_mod.con,cic:/Coq/NArith/BinNatDef/N/add.con
oo,cic:/Coq/ZArith/Znat/N2Z/inj_mod.con,cic:/Coq/NArith/BinNatDef/N/div.con
oo,cic:/Coq/ZArith/Znat/N2Z/inj_mod.con,cic:/Coq/NArith/BinNatDef/N/modulo.con
oo,cic:/Coq/ZArith/Znat/N2Z/inj_mod.con,cic:/Coq/NArith/BinNatDef/N/mul.con
oo,cic:/Coq/ZArith/Znat/N2Z/inj_mod.con,cic:/Coq/NArith/BinNat/N/add.con
oo,cic:/Coq/ZArith/Znat/N2Z/inj_mod.con,cic:/Coq/NArith/BinNat/N/div.con
oo,cic:/Coq/ZArith/Znat/N2Z/inj_mod.con,cic:/Coq/NArith/BinNat/N/div_mod.con
oo,cic:/Coq/ZArith/Znat/N2Z/inj_mod.con,cic:/Coq/NArith/BinNat/N/lt.con
oo,cic:/Coq/ZArith/Znat/N2Z/inj_mod.con,cic:/Coq/NArith/BinNat/N/mod_lt.con
oo,cic:/Coq/ZArith/Znat/N2Z/inj_mod.con,cic:/Coq/NArith/BinNat/N/modulo.con
oo,cic:/Coq/ZArith/Znat/N2Z/inj_mod.con,cic:/Coq/NArith/BinNat/N/mul.con
oo,cic:/Coq/ZArith/Znat/N2Z/inj_mod.con,cic:/Coq/Numbers/BinNums/N.ind
oo,cic:/Coq/ZArith/Znat/N2Z/inj_mod.con,cic:/Coq/Numbers/BinNums/Z.ind
oo,cic:/Coq/ZArith/Znat/N2Z/inj_mod.con,cic:/Coq/ZArith/BinIntDef/Z/of_N.con
oo,cic:/Coq/ZArith/Znat/N2Z/inj_mod.con,cic:/Coq/ZArith/BinInt/Z/add.con
oo,cic:/Coq/ZArith/Znat/N2Z/inj_mod.con,cic:/Coq/ZArith/BinInt/Z/le.con
oo,cic:/Coq/ZArith/Znat/N2Z/inj_mod.con,cic:/Coq/ZArith/BinInt/Z/lt.con
oo,cic:/Coq/ZArith/Znat/N2Z/inj_mod.con,cic:/Coq/ZArith/BinInt/Z/modulo.con
oo,cic:/Coq/ZArith/Znat/N2Z/inj_mod.con,cic:/Coq/ZArith/BinInt/Z/mod_unique_pos.con
oo,cic:/Coq/ZArith/Znat/N2Z/inj_mod.con,cic:/Coq/ZArith/BinInt/Z/mul.con
oo,cic:/Coq/ZArith/Znat/N2Z/inj_mod.con,cic:/Coq/ZArith/BinInt/Z/of_N.con
oo,cic:/Coq/ZArith/Znat/N2Z/inj_mod.con,cic:/Coq/ZArith/Znat/N2Z/inj_add.con
oo,cic:/Coq/ZArith/Znat/N2Z/inj_mod.con,cic:/Coq/ZArith/Znat/N2Z/inj_lt.con
oo,cic:/Coq/ZArith/Znat/N2Z/inj_mod.con,cic:/Coq/ZArith/Znat/N2Z/inj_mod.con
oo,cic:/Coq/ZArith/Znat/N2Z/inj_mod.con,cic:/Coq/ZArith/Znat/N2Z/inj_mul.con
oo,cic:/Coq/ZArith/Znat/N2Z/inj_mod.con,cic:/Coq/ZArith/Znat/N2Z/is_nonneg.con
oo,cic:/Coq/ZArith/Znat/N2Z/inj_mul.con,cic:/Coq/Init/Logic/eq.ind
oo,cic:/Coq/ZArith/Znat/N2Z/inj_mul.con,cic:/Coq/NArith/BinNat/N/mul.con
oo,cic:/Coq/ZArith/Znat/N2Z/inj_mul.con,cic:/Coq/Numbers/BinNums/N.ind
oo,cic:/Coq/ZArith/Znat/N2Z/inj_mul.con,cic:/Coq/Numbers/BinNums/positive.ind
oo,cic:/Coq/ZArith/Znat/N2Z/inj_mul.con,cic:/Coq/Numbers/BinNums/Z.ind
oo,cic:/Coq/ZArith/Znat/N2Z/inj_mul.con,cic:/Coq/ZArith/BinInt/Z/mul.con
oo,cic:/Coq/ZArith/Znat/N2Z/inj_mul.con,cic:/Coq/ZArith/BinInt/Z/of_N.con
oo,cic:/Coq/ZArith/Znat/N2Z/inj_mul.con,cic:/Coq/ZArith/Znat/N2Z/inj_mul.con
oo,cic:/Coq/ZArith/Znat/N2Z/inj_pos.con,cic:/Coq/Init/Logic/eq.ind
oo,cic:/Coq/ZArith/Znat/N2Z/inj_pos.con,cic:/Coq/Numbers/BinNums/N.ind
oo,cic:/Coq/ZArith/Znat/N2Z/inj_pos.con,cic:/Coq/Numbers/BinNums/positive.ind
oo,cic:/Coq/ZArith/Znat/N2Z/inj_pos.con,cic:/Coq/Numbers/BinNums/Z.ind
oo,cic:/Coq/ZArith/Znat/N2Z/inj_pos.con,cic:/Coq/ZArith/BinInt/Z/of_N.con
oo,cic:/Coq/ZArith/Znat/N2Z/inj_pos.con,cic:/Coq/ZArith/Znat/N2Z/inj_pos.con
oo,cic:/Coq/ZArith/Znat/N2Z/inj_pow.con,cic:/Coq/Init/Datatypes/comparison.ind
oo,cic:/Coq/ZArith/Znat/N2Z/inj_pow.con,cic:/Coq/Init/Logic/eq.ind
oo,cic:/Coq/ZArith/Znat/N2Z/inj_pow.con,cic:/Coq/Init/Logic/eq_ind_r.con
oo,cic:/Coq/ZArith/Znat/N2Z/inj_pow.con,cic:/Coq/NArith/BinNat/N/pow.con
oo,cic:/Coq/ZArith/Znat/N2Z/inj_pow.con,cic:/Coq/Numbers/BinNums/N.ind
oo,cic:/Coq/ZArith/Znat/N2Z/inj_pow.con,cic:/Coq/Numbers/BinNums/positive.ind
oo,cic:/Coq/ZArith/Znat/N2Z/inj_pow.con,cic:/Coq/Numbers/BinNums/Z.ind
oo,cic:/Coq/ZArith/Znat/N2Z/inj_pow.con,cic:/Coq/PArith/BinPos/Pos/pow.con
oo,cic:/Coq/ZArith/Znat/N2Z/inj_pow.con,cic:/Coq/ZArith/BinInt/Pos2Z/inj_pow.con
oo,cic:/Coq/ZArith/Znat/N2Z/inj_pow.con,cic:/Coq/ZArith/BinInt/Z/of_N.con
oo,cic:/Coq/ZArith/Znat/N2Z/inj_pow.con,cic:/Coq/ZArith/BinInt/Z/pow_0_l.con
oo,cic:/Coq/ZArith/Znat/N2Z/inj_pow.con,cic:/Coq/ZArith/BinInt/Z/pow.con
oo,cic:/Coq/ZArith/Znat/N2Z/inj_pow.con,cic:/Coq/ZArith/Znat/N2Z/inj_pow.con
oo,cic:/Coq/ZArith/Znat/N2Z/inj_pred.con,cic:/Coq/Init/Logic/and.ind
oo,cic:/Coq/ZArith/Znat/N2Z/inj_pred.con,cic:/Coq/Init/Logic/eq.ind
oo,cic:/Coq/ZArith/Znat/N2Z/inj_pred.con,cic:/Coq/Init/Logic/eq_ind_r.con
oo,cic:/Coq/ZArith/Znat/N2Z/inj_pred.con,cic:/Coq/Init/Logic/iff.con
oo,cic:/Coq/ZArith/Znat/N2Z/inj_pred.con,cic:/Coq/NArith/BinNat/N/le.con
oo,cic:/Coq/ZArith/Znat/N2Z/inj_pred.con,cic:/Coq/NArith/BinNat/N/le_succ_l.con
oo,cic:/Coq/ZArith/Znat/N2Z/inj_pred.con,cic:/Coq/NArith/BinNat/N/lt.con
oo,cic:/Coq/ZArith/Znat/N2Z/inj_pred.con,cic:/Coq/NArith/BinNat/N/pred.con
oo,cic:/Coq/ZArith/Znat/N2Z/inj_pred.con,cic:/Coq/NArith/BinNat/N/pred_sub.con
oo,cic:/Coq/ZArith/Znat/N2Z/inj_pred.con,cic:/Coq/NArith/BinNat/N/sub.con
oo,cic:/Coq/ZArith/Znat/N2Z/inj_pred.con,cic:/Coq/NArith/BinNat/N/succ.con
oo,cic:/Coq/ZArith/Znat/N2Z/inj_pred.con,cic:/Coq/Numbers/BinNums/N.ind
oo,cic:/Coq/ZArith/Znat/N2Z/inj_pred.con,cic:/Coq/Numbers/BinNums/positive.ind
oo,cic:/Coq/ZArith/Znat/N2Z/inj_pred.con,cic:/Coq/Numbers/BinNums/Z.ind
oo,cic:/Coq/ZArith/Znat/N2Z/inj_pred.con,cic:/Coq/ZArith/BinInt/Z/add.con
oo,cic:/Coq/ZArith/Znat/N2Z/inj_pred.con,cic:/Coq/ZArith/BinInt/Z/of_N.con
oo,cic:/Coq/ZArith/Znat/N2Z/inj_pred.con,cic:/Coq/ZArith/BinInt/Z/pred.con
oo,cic:/Coq/ZArith/Znat/N2Z/inj_pred.con,cic:/Coq/ZArith/BinInt/Z/sub.con
oo,cic:/Coq/ZArith/Znat/N2Z/inj_pred.con,cic:/Coq/ZArith/Znat/N2Z/inj_pred.con
oo,cic:/Coq/ZArith/Znat/N2Z/inj_pred.con,cic:/Coq/ZArith/Znat/N2Z/inj_sub.con
oo,cic:/Coq/ZArith/Znat/N2Z/inj_pred_max.con,cic:/Coq/Init/Logic/eq.ind
oo,cic:/Coq/ZArith/Znat/N2Z/inj_pred_max.con,cic:/Coq/Init/Logic/eq_ind_r.con
oo,cic:/Coq/ZArith/Znat/N2Z/inj_pred_max.con,cic:/Coq/NArith/BinNat/N/pred.con
oo,cic:/Coq/ZArith/Znat/N2Z/inj_pred_max.con,cic:/Coq/NArith/BinNat/N/pred_sub.con
oo,cic:/Coq/ZArith/Znat/N2Z/inj_pred_max.con,cic:/Coq/NArith/BinNat/N/sub.con
oo,cic:/Coq/ZArith/Znat/N2Z/inj_pred_max.con,cic:/Coq/Numbers/BinNums/N.ind
oo,cic:/Coq/ZArith/Znat/N2Z/inj_pred_max.con,cic:/Coq/Numbers/BinNums/positive.ind
oo,cic:/Coq/ZArith/Znat/N2Z/inj_pred_max.con,cic:/Coq/Numbers/BinNums/Z.ind
oo,cic:/Coq/ZArith/Znat/N2Z/inj_pred_max.con,cic:/Coq/ZArith/BinInt/Z/add.con
oo,cic:/Coq/ZArith/Znat/N2Z/inj_pred_max.con,cic:/Coq/ZArith/BinInt/Z/max.con
oo,cic:/Coq/ZArith/Znat/N2Z/inj_pred_max.con,cic:/Coq/ZArith/BinInt/Z/of_N.con
oo,cic:/Coq/ZArith/Znat/N2Z/inj_pred_max.con,cic:/Coq/ZArith/BinInt/Z/pred.con
oo,cic:/Coq/ZArith/Znat/N2Z/inj_pred_max.con,cic:/Coq/ZArith/BinInt/Z/sub.con
oo,cic:/Coq/ZArith/Znat/N2Z/inj_pred_max.con,cic:/Coq/ZArith/Znat/N2Z/inj_pred_max.con
oo,cic:/Coq/ZArith/Znat/N2Z/inj_pred_max.con,cic:/Coq/ZArith/Znat/N2Z/inj_sub_max.con
oo,cic:/Coq/ZArith/Znat/N2Z/inj_quot2.con,cic:/Coq/Init/Logic/eq.ind
oo,cic:/Coq/ZArith/Znat/N2Z/inj_quot2.con,cic:/Coq/NArith/BinNat/N/div2.con
oo,cic:/Coq/ZArith/Znat/N2Z/inj_quot2.con,cic:/Coq/Numbers/BinNums/N.ind
oo,cic:/Coq/ZArith/Znat/N2Z/inj_quot2.con,cic:/Coq/Numbers/BinNums/positive.ind
oo,cic:/Coq/ZArith/Znat/N2Z/inj_quot2.con,cic:/Coq/Numbers/BinNums/Z.ind
oo,cic:/Coq/ZArith/Znat/N2Z/inj_quot2.con,cic:/Coq/ZArith/BinInt/Z/of_N.con
oo,cic:/Coq/ZArith/Znat/N2Z/inj_quot2.con,cic:/Coq/ZArith/BinInt/Z/quot2.con
oo,cic:/Coq/ZArith/Znat/N2Z/inj_quot2.con,cic:/Coq/ZArith/Znat/N2Z/inj_quot2.con
oo,cic:/Coq/ZArith/Znat/N2Z/inj_quot.con,cic:/Coq/Init/Datatypes/comparison.ind
oo,cic:/Coq/ZArith/Znat/N2Z/inj_quot.con,cic:/Coq/Init/Logic/eq.ind
oo,cic:/Coq/ZArith/Znat/N2Z/inj_quot.con,cic:/Coq/Init/Logic/eq_ind_r.con
oo,cic:/Coq/ZArith/Znat/N2Z/inj_quot.con,cic:/Coq/NArith/BinNat/N/div.con
oo,cic:/Coq/ZArith/Znat/N2Z/inj_quot.con,cic:/Coq/Numbers/BinNums/N.ind
oo,cic:/Coq/ZArith/Znat/N2Z/inj_quot.con,cic:/Coq/Numbers/BinNums/positive.ind
oo,cic:/Coq/ZArith/Znat/N2Z/inj_quot.con,cic:/Coq/Numbers/BinNums/Z.ind
oo,cic:/Coq/ZArith/Znat/N2Z/inj_quot.con,cic:/Coq/ZArith/BinInt/Z/div.con
oo,cic:/Coq/ZArith/Znat/N2Z/inj_quot.con,cic:/Coq/ZArith/BinInt/Z/le.con
oo,cic:/Coq/ZArith/Znat/N2Z/inj_quot.con,cic:/Coq/ZArith/BinInt/Z/of_N.con
oo,cic:/Coq/ZArith/Znat/N2Z/inj_quot.con,cic:/Coq/ZArith/BinInt/Z/quot.con
oo,cic:/Coq/ZArith/Znat/N2Z/inj_quot.con,cic:/Coq/ZArith/BinInt/Z/quot_div_nonneg.con
oo,cic:/Coq/ZArith/Znat/N2Z/inj_quot.con,cic:/Coq/ZArith/Znat/N2Z/inj_div.con
oo,cic:/Coq/ZArith/Znat/N2Z/inj_quot.con,cic:/Coq/ZArith/Znat/N2Z/inj_quot.con
oo,cic:/Coq/ZArith/Znat/N2Z/inj_quot.con,cic:/Coq/ZArith/Znat/N2Z/is_nonneg.con
oo,cic:/Coq/ZArith/Znat/N2Z/inj_rem.con,cic:/Coq/Init/Datatypes/comparison.ind
oo,cic:/Coq/ZArith/Znat/N2Z/inj_rem.con,cic:/Coq/Init/Logic/eq.ind
oo,cic:/Coq/ZArith/Znat/N2Z/inj_rem.con,cic:/Coq/Init/Logic/eq_ind.con
oo,cic:/Coq/ZArith/Znat/N2Z/inj_rem.con,cic:/Coq/Init/Logic/eq_ind_r.con
oo,cic:/Coq/ZArith/Znat/N2Z/inj_rem.con,cic:/Coq/Init/Logic/False.ind
oo,cic:/Coq/ZArith/Znat/N2Z/inj_rem.con,cic:/Coq/Init/Logic/False_ind.con
oo,cic:/Coq/ZArith/Znat/N2Z/inj_rem.con,cic:/Coq/Init/Logic/not.con
oo,cic:/Coq/ZArith/Znat/N2Z/inj_rem.con,cic:/Coq/Init/Logic/True.ind
oo,cic:/Coq/ZArith/Znat/N2Z/inj_rem.con,cic:/Coq/NArith/BinNat/N/modulo.con
oo,cic:/Coq/ZArith/Znat/N2Z/inj_rem.con,cic:/Coq/Numbers/BinNums/N.ind
oo,cic:/Coq/ZArith/Znat/N2Z/inj_rem.con,cic:/Coq/Numbers/BinNums/positive.ind
oo,cic:/Coq/ZArith/Znat/N2Z/inj_rem.con,cic:/Coq/Numbers/BinNums/Z.ind
oo,cic:/Coq/ZArith/Znat/N2Z/inj_rem.con,cic:/Coq/ZArith/BinInt/Z/le.con
oo,cic:/Coq/ZArith/Znat/N2Z/inj_rem.con,cic:/Coq/ZArith/BinInt/Z/modulo.con
oo,cic:/Coq/ZArith/Znat/N2Z/inj_rem.con,cic:/Coq/ZArith/BinInt/Z/of_N.con
oo,cic:/Coq/ZArith/Znat/N2Z/inj_rem.con,cic:/Coq/ZArith/BinInt/Z/rem.con
oo,cic:/Coq/ZArith/Znat/N2Z/inj_rem.con,cic:/Coq/ZArith/BinInt/Z/rem_mod_nonneg.con
oo,cic:/Coq/ZArith/Znat/N2Z/inj_rem.con,cic:/Coq/ZArith/Znat/N2Z/inj_mod.con
oo,cic:/Coq/ZArith/Znat/N2Z/inj_rem.con,cic:/Coq/ZArith/Znat/N2Z/inj_rem.con
oo,cic:/Coq/ZArith/Znat/N2Z/inj_rem.con,cic:/Coq/ZArith/Znat/N2Z/is_nonneg.con
oo,cic:/Coq/ZArith/Znat/N2Z/inj_sub.con,cic:/Coq/Init/Datatypes/comparison.ind
oo,cic:/Coq/ZArith/Znat/N2Z/inj_sub.con,cic:/Coq/Init/Datatypes/CompOpp.con
oo,cic:/Coq/ZArith/Znat/N2Z/inj_sub.con,cic:/Coq/Init/Logic/eq.ind
oo,cic:/Coq/ZArith/Znat/N2Z/inj_sub.con,cic:/Coq/Init/Logic/eq_ind.con
oo,cic:/Coq/ZArith/Znat/N2Z/inj_sub.con,cic:/Coq/Init/Logic/eq_ind_r.con
oo,cic:/Coq/ZArith/Znat/N2Z/inj_sub.con,cic:/Coq/Init/Logic/False.ind
oo,cic:/Coq/ZArith/Znat/N2Z/inj_sub.con,cic:/Coq/Init/Logic/not.con
oo,cic:/Coq/ZArith/Znat/N2Z/inj_sub.con,cic:/Coq/NArith/BinNat/N/compare_antisym.con
oo,cic:/Coq/ZArith/Znat/N2Z/inj_sub.con,cic:/Coq/NArith/BinNat/N/compare.con
oo,cic:/Coq/ZArith/Znat/N2Z/inj_sub.con,cic:/Coq/NArith/BinNat/N/le.con
oo,cic:/Coq/ZArith/Znat/N2Z/inj_sub.con,cic:/Coq/NArith/BinNat/N/sub.con
oo,cic:/Coq/ZArith/Znat/N2Z/inj_sub.con,cic:/Coq/Numbers/BinNums/N.ind
oo,cic:/Coq/ZArith/Znat/N2Z/inj_sub.con,cic:/Coq/Numbers/BinNums/positive.ind
oo,cic:/Coq/ZArith/Znat/N2Z/inj_sub.con,cic:/Coq/Numbers/BinNums/Z.ind
oo,cic:/Coq/ZArith/Znat/N2Z/inj_sub.con,cic:/Coq/ZArith/BinInt/Z/compare.con
oo,cic:/Coq/ZArith/Znat/N2Z/inj_sub.con,cic:/Coq/ZArith/BinInt/Z/compare_sub.con
oo,cic:/Coq/ZArith/Znat/N2Z/inj_sub.con,cic:/Coq/ZArith/BinInt/Z/max.con
oo,cic:/Coq/ZArith/Znat/N2Z/inj_sub.con,cic:/Coq/ZArith/BinInt/Z/of_N.con
oo,cic:/Coq/ZArith/Znat/N2Z/inj_sub.con,cic:/Coq/ZArith/BinInt/Z/sub.con
oo,cic:/Coq/ZArith/Znat/N2Z/inj_sub.con,cic:/Coq/ZArith/Znat/N2Z/inj_compare.con
oo,cic:/Coq/ZArith/Znat/N2Z/inj_sub.con,cic:/Coq/ZArith/Znat/N2Z/inj_sub.con
oo,cic:/Coq/ZArith/Znat/N2Z/inj_sub.con,cic:/Coq/ZArith/Znat/N2Z/inj_sub_max.con
oo,cic:/Coq/ZArith/Znat/N2Z/inj_sub_max.con,cic:/Coq/Init/Datatypes/comparison.ind
oo,cic:/Coq/ZArith/Znat/N2Z/inj_sub_max.con,cic:/Coq/Init/Logic/eq.ind
oo,cic:/Coq/ZArith/Znat/N2Z/inj_sub_max.con,cic:/Coq/Init/Logic/eq_ind_r.con
oo,cic:/Coq/ZArith/Znat/N2Z/inj_sub_max.con,cic:/Coq/NArith/BinNat/N/sub.con
oo,cic:/Coq/ZArith/Znat/N2Z/inj_sub_max.con,cic:/Coq/Numbers/BinNums/N.ind
oo,cic:/Coq/ZArith/Znat/N2Z/inj_sub_max.con,cic:/Coq/Numbers/BinNums/positive.ind
oo,cic:/Coq/ZArith/Znat/N2Z/inj_sub_max.con,cic:/Coq/Numbers/BinNums/Z.ind
oo,cic:/Coq/ZArith/Znat/N2Z/inj_sub_max.con,cic:/Coq/PArith/BinPos/Pos/compare.con
oo,cic:/Coq/ZArith/Znat/N2Z/inj_sub_max.con,cic:/Coq/PArith/BinPos/Pos/compare_sub_mask.con
oo,cic:/Coq/ZArith/Znat/N2Z/inj_sub_max.con,cic:/Coq/PArith/BinPos/Pos/mask2cmp.con
oo,cic:/Coq/ZArith/Znat/N2Z/inj_sub_max.con,cic:/Coq/PArith/BinPos/Pos/mask.ind
oo,cic:/Coq/ZArith/Znat/N2Z/inj_sub_max.con,cic:/Coq/PArith/BinPos/Pos/sub.con
oo,cic:/Coq/ZArith/Znat/N2Z/inj_sub_max.con,cic:/Coq/PArith/BinPos/Pos/sub_mask.con
oo,cic:/Coq/ZArith/Znat/N2Z/inj_sub_max.con,cic:/Coq/ZArith/BinInt/Z/max.con
oo,cic:/Coq/ZArith/Znat/N2Z/inj_sub_max.con,cic:/Coq/ZArith/BinInt/Z/of_N.con
oo,cic:/Coq/ZArith/Znat/N2Z/inj_sub_max.con,cic:/Coq/ZArith/BinInt/Z/pos_sub.con
oo,cic:/Coq/ZArith/Znat/N2Z/inj_sub_max.con,cic:/Coq/ZArith/BinInt/Z/pos_sub_spec.con
oo,cic:/Coq/ZArith/Znat/N2Z/inj_sub_max.con,cic:/Coq/ZArith/BinInt/Z/sub.con
oo,cic:/Coq/ZArith/Znat/N2Z/inj_sub_max.con,cic:/Coq/ZArith/Znat/N2Z/inj_sub_max.con
oo,cic:/Coq/ZArith/Znat/N2Z/inj_succ.con,cic:/Coq/Init/Logic/eq.ind
oo,cic:/Coq/ZArith/Znat/N2Z/inj_succ.con,cic:/Coq/Init/Logic/eq_ind_r.con
oo,cic:/Coq/ZArith/Znat/N2Z/inj_succ.con,cic:/Coq/NArith/BinNat/N/succ.con
oo,cic:/Coq/ZArith/Znat/N2Z/inj_succ.con,cic:/Coq/Numbers/BinNums/N.ind
oo,cic:/Coq/ZArith/Znat/N2Z/inj_succ.con,cic:/Coq/Numbers/BinNums/positive.ind
oo,cic:/Coq/ZArith/Znat/N2Z/inj_succ.con,cic:/Coq/Numbers/BinNums/Z.ind
oo,cic:/Coq/ZArith/Znat/N2Z/inj_succ.con,cic:/Coq/PArith/BinPos/Pos/add_1_r.con
oo,cic:/Coq/ZArith/Znat/N2Z/inj_succ.con,cic:/Coq/PArith/BinPos/Pos/add.con
oo,cic:/Coq/ZArith/Znat/N2Z/inj_succ.con,cic:/Coq/PArith/BinPos/Pos/succ.con
oo,cic:/Coq/ZArith/Znat/N2Z/inj_succ.con,cic:/Coq/ZArith/BinInt/Z/of_N.con
oo,cic:/Coq/ZArith/Znat/N2Z/inj_succ.con,cic:/Coq/ZArith/BinInt/Z/succ.con
oo,cic:/Coq/ZArith/Znat/N2Z/inj_succ.con,cic:/Coq/ZArith/Znat/N2Z/inj_succ.con
oo,cic:/Coq/ZArith/Znat/N2Z/inj_testbit.con,cic:/Coq/Init/Datatypes/bool.ind
oo,cic:/Coq/ZArith/Znat/N2Z/inj_testbit.con,cic:/Coq/Init/Logic/eq.ind
oo,cic:/Coq/ZArith/Znat/N2Z/inj_testbit.con,cic:/Coq/NArith/BinNat/N/testbit.con
oo,cic:/Coq/ZArith/Znat/N2Z/inj_testbit.con,cic:/Coq/Numbers/BinNums/N.ind
oo,cic:/Coq/ZArith/Znat/N2Z/inj_testbit.con,cic:/Coq/ZArith/BinInt/Z/of_N.con
oo,cic:/Coq/ZArith/Znat/N2Z/inj_testbit.con,cic:/Coq/ZArith/BinInt/Z/testbit.con
oo,cic:/Coq/ZArith/Znat/N2Z/inj_testbit.con,cic:/Coq/ZArith/BinInt/Z/testbit_of_N.con
oo,cic:/Coq/ZArith/Znat/N2Z/inj_testbit.con,cic:/Coq/ZArith/Znat/N2Z/inj_testbit.con
oo,cic:/Coq/ZArith/Znat/N2Z/is_nonneg.con,cic:/Coq/Classes/RelationClasses/PreOrder_Reflexive.con
oo,cic:/Coq/ZArith/Znat/N2Z/is_nonneg.con,cic:/Coq/Classes/RelationClasses/Reflexive.con
oo,cic:/Coq/ZArith/Znat/N2Z/is_nonneg.con,cic:/Coq/Classes/RelationClasses/reflexivity.con
oo,cic:/Coq/ZArith/Znat/N2Z/is_nonneg.con,cic:/Coq/Init/Datatypes/comparison.ind
oo,cic:/Coq/ZArith/Znat/N2Z/is_nonneg.con,cic:/Coq/Init/Logic/eq.ind
oo,cic:/Coq/ZArith/Znat/N2Z/is_nonneg.con,cic:/Coq/Init/Logic/eq_ind.con
oo,cic:/Coq/ZArith/Znat/N2Z/is_nonneg.con,cic:/Coq/Init/Logic/False.ind
oo,cic:/Coq/ZArith/Znat/N2Z/is_nonneg.con,cic:/Coq/Init/Logic/False_ind.con
oo,cic:/Coq/ZArith/Znat/N2Z/is_nonneg.con,cic:/Coq/Init/Logic/True.ind
oo,cic:/Coq/ZArith/Znat/N2Z/is_nonneg.con,cic:/Coq/Numbers/BinNums/N.ind
oo,cic:/Coq/ZArith/Znat/N2Z/is_nonneg.con,cic:/Coq/Numbers/BinNums/positive.ind
oo,cic:/Coq/ZArith/Znat/N2Z/is_nonneg.con,cic:/Coq/Numbers/BinNums/Z.ind
oo,cic:/Coq/ZArith/Znat/N2Z/is_nonneg.con,cic:/Coq/ZArith/BinInt/Z/compare.con
oo,cic:/Coq/ZArith/Znat/N2Z/is_nonneg.con,cic:/Coq/ZArith/BinInt/Z/le.con
oo,cic:/Coq/ZArith/Znat/N2Z/is_nonneg.con,cic:/Coq/ZArith/BinInt/Z/le_preorder.con
oo,cic:/Coq/ZArith/Znat/N2Z/is_nonneg.con,cic:/Coq/ZArith/BinInt/Z/of_N.con
oo,cic:/Coq/ZArith/Znat/N2Z/is_nonneg.con,cic:/Coq/ZArith/Znat/N2Z/is_nonneg.con
